danceability,energy,key,loudness,mode,speechiness,acousticness,instrumentalness,liveness,valence,tempo,duration_ms,Mood Label
0.83,0.251,4,-19.774,1,0.0779,0.98,0.893,0.195,0.164,110.002,184364,ambient
0.227,0.00268,3,-27.348,1,0.06,0.951,0.912,0.109,0.228,64.26,146000,ambient
0.159,0.071,6,-27.109,0,0.0409,0.911,0.856,0.107,0.0602,146.977,464293,ambient
0.15,0.208,10,-16.901,1,0.0409,0.936,0.755,0.218,0.0759,85.706,322499,ambient
0.804,0.325,2,-13.067,1,0.0469,0.601,0.588,0.601,0.395,120.002,240250,ambient
0.267,0.0468,1,-26.101,1,0.0389,0.973,0.224,0.103,0.0726,103.027,87341,ambient
0.477,0.348,2,-14.586,1,0.0335,0.931,0.949,0.11,0.0867,117.94,208589,ambient
0.403,0.16,6,-22.779,1,0.0369,0.959,0.941,0.0911,0.16,72.571,204845,ambient
0.169,0.44,0,-10.385,1,0.0277,0.149,0.169,0.126,0.113,95.896,495859,ambient
0.422,0.204,1,-19.198,1,0.0483,0.891,0.956,0.107,0.354,111.584,80427,ambient
0.204,0.00635,9,-34.261,1,0.0447,0.978,0.914,0.108,0.0366,67.868,144321,ambient
0.304,0.472,9,-15.884,0,0.0878,0.786,0.931,0.114,0.0641,92.218,256534,ambient
0.26,0.01,4,-32.894,0,0.0359,0.98,0.843,0.131,0.0349,101.39,321880,ambient
0.655,0.403,6,-12.927,0,0.0392,0.958,0.946,0.14,0.276,144.02,225208,ambient
0.152,0.00559,8,-32.174,0,0.0426,0.956,0.906,0.112,0.0772,195.603,396689,ambient
0.356,0.401,11,-14.475,0,0.0467,0.434,0.789,0.176,0.0397,142.945,234320,ambient
0.0748,0.523,4,-8.069,1,0.0354,0.782,0.866,0.0886,0.0383,74.195,255336,ambient
0.271,0.0744,7,-26.455,0,0.0422,0.968,0.937,0.0574,0.0358,114.437,248000,ambient
0.47,0.454,2,-14.921,1,0.0289,0.44,0.424,0.244,0.738,151.519,218600,ambient
0.189,0.0753,2,-23.335,1,0.0328,0.965,0.784,0.101,0.0372,177.539,273118,ambient
0.196,0.0236,5,-25.493,0,0.0429,0.528,0.0845,0.289,0.0894,134.596,208040,ambient
0.108,0.0419,9,-26.441,0,0.0418,0.971,0.909,0.052,0.0429,69.511,255333,ambient
0.397,0.0849,10,-21.622,0,0.0426,0.97,0.947,0.11,0.0858,105.903,188250,ambient
0.652,0.31,2,-13.865,0,0.0324,0.526,0.686,0.115,0.294,131.973,283107,ambient
0.114,0.258,0,-14.626,0,0.0345,0.807,0.803,0.18,0.0733,89.151,530894,ambient
0.186,0.00851,9,-38.264,0,0.034,0.995,0.946,0.287,0.0879,70.503,135400,ambient
0.241,0.254,6,-17.03,1,0.0416,0.994,0.88,0.0639,0.0378,139.131,278693,ambient
0.504,0.271,5,-19.877,1,0.045,0.846,0.815,0.0872,0.0564,125.942,351948,ambient
0.417,0.0489,0,-27.759,1,0.0706,0.964,0.914,0.116,0.284,144.34,232743,ambient
0.193,0.346,7,-16.917,0,0.0401,0.927,0.953,0.3,0.0625,120.798,216000,ambient
0.323,0.18,8,-23.298,1,0.0284,0.957,0.239,0.185,0.772,182.158,348132,ambient
0.542,0.521,4,-12.566,0,0.104,0.884,0.914,0.124,0.176,194.049,376082,ambient
0.427,0.136,8,-16.962,0,0.0336,0.953,0.653,0.0765,0.185,138.105,325490,ambient
0.181,0.161,11,-27.538,1,0.0348,0.931,0.947,0.134,0.24,93.444,286986,ambient
0.43,0.389,6,-14.204,0,0.0547,0.821,0.94,0.358,0.0519,118.526,347981,ambient
0.521,0.28,1,-16.645,1,0.0362,0.946,0.943,0.112,0.307,141.96,352357,ambient
0.196,0.014,0,-20.872,0,0.0349,0.986,0.93,0.112,0.0645,137.347,143080,ambient
0.144,0.275,4,-15.408,0,0.036,0.798,0.363,0.0965,0.039,77.303,292467,ambient
0.485,0.178,0,-16.469,0,0.271,0.939,0.584,0.0511,0.694,186.019,311907,ambient
0.172,0.124,8,-21.048,1,0.0333,0.958,0.97,0.283,0.0394,123.85,1052000,ambient
0.283,0.0887,6,-26.035,0,0.0297,0.993,0.939,0.133,0.144,71.69,238004,ambient
0.124,0.0845,7,-18.24,1,0.036,0.982,0.964,0.288,0.0322,97.347,286067,ambient
0.601,0.165,0,-19.596,1,0.032,0.883,0.903,0.112,0.466,92.02,448353,ambient
0.202,0.232,2,-19.154,0,0.0336,0.888,0.902,0.0903,0.046,88.348,232073,ambient
0.209,0.417,2,-7.428,0,0.042,0.9,0.786,0.128,0.0773,72.437,191747,ambient
0.436,0.188,9,-15.593,0,0.0338,0.381,0.876,0.122,0.144,140.033,135251,ambient
0.754,0.301,5,-13.405,0,0.0511,0.474,0.877,0.112,0.147,134,483594,ambient
0.455,0.386,9,-20.548,1,0.0315,0.825,0.271,0.322,0.196,99.553,586440,ambient
0.212,0.00393,2,-28.139,0,0.0741,0.993,0.688,0.112,0.0362,68.033,171107,ambient
0.212,0.12,4,-23.83,0,0.039,0.993,0.905,0.108,0.287,167.717,170000,ambient
0.463,0.624,10,-13.167,1,0.0485,0.0151,0.962,0.134,0.178,70.48,88013,enigmatic
0.286,0.0968,7,-16.806,1,0.0323,0.178,0.696,0.0861,0.0395,62.881,275556,enigmatic
0.144,0.132,10,-19.115,1,0.0333,0.946,0.779,0.115,0.0627,102.283,207427,enigmatic
0.18,0.226,9,-16.457,0,0.042,0.951,0.982,0.0998,0.048,94.079,126960,enigmatic
0.483,0.192,4,-15.378,0,0.0469,0.991,0.908,0.106,0.0542,100.848,140733,enigmatic
0.339,0.219,9,-18.595,1,0.0336,0.578,0.101,0.104,0.0387,138.091,254293,enigmatic
0.25,0.553,7,-8.188,1,0.0429,0.606,0.673,0.145,0.226,118.985,123360,enigmatic
0.488,0.0629,2,-21.524,1,0.0342,0.843,0.406,0.133,0.175,104.311,175040,enigmatic
0.128,0.0234,0,-32.13,1,0.0375,0.535,0.189,0.135,0.0365,97.173,529947,enigmatic
0.201,0.475,11,-10.097,0,0.0417,0.659,0.916,0.0748,0.0398,73.563,158333,enigmatic
0.3,0.289,10,-17.109,1,0.0557,0.688,0.683,0.0772,0.0492,129.673,394440,enigmatic
0.402,0.046,5,-22.779,1,0.033,0.979,0.513,0.0771,0.0967,104.425,159667,enigmatic
0.236,0.329,1,-15.496,1,0.0369,0.404,0.0819,0.31,0.0905,109.968,197333,enigmatic
0.156,0.162,2,-17.101,0,0.036,0.897,0.691,0.111,0.077,73.407,309093,enigmatic
0.168,0.0393,5,-24.569,1,0.0395,0.86,0.942,0.131,0.0387,112.426,172520,enigmatic
0.422,0.351,0,-13.002,1,0.0352,0.73,0.904,0.0784,0.168,132.317,305640,enigmatic
0.471,0.411,2,-15.755,1,0.041,0.733,0.853,0.28,0.282,79.986,254347,enigmatic
0.12,0.107,0,-19.115,0,0.0399,0.974,0.879,0.0778,0.109,82.727,185467,enigmatic
0.169,0.222,7,-15.954,0,0.0356,0.528,0.964,0.107,0.0397,110.877,247400,enigmatic
0.179,0.048,6,-28.663,1,0.0469,0.889,0.974,0.0775,0.0278,72.93,148813,enigmatic
0.209,0.152,10,-16.519,0,0.0324,0.5,0.903,0.103,0.0482,80.136,407533,enigmatic
0.0876,0.0504,4,-29.69,0,0.0387,0.755,0.95,0.112,0.0912,170.05,181867,enigmatic
0.259,0.583,2,-9.489,1,0.0418,0.0249,0.978,0.328,0.24,111.153,156307,enigmatic
0.177,0.295,5,-14.581,1,0.061,0.39,0.591,0.0684,0.0825,83.409,346933,enigmatic
0.15,0.278,2,-16.605,0,0.039,0.694,0.959,0.107,0.0367,83.532,241560,enigmatic
0.318,0.308,5,-13.676,0,0.0285,0.438,0.889,0.109,0.0592,103.925,157027,enigmatic
0.131,0.137,2,-20.553,1,0.0387,0.934,0.485,0.087,0.0465,78.577,440800,enigmatic
0.185,0.469,2,-7.729,0,0.0314,0.00652,0.909,0.201,0.422,150.319,105560,enigmatic
0.077,0.339,5,-17.84,1,0.0476,0.698,0.688,0.114,0.0581,81.021,53307,enigmatic
0.38,0.246,7,-13.955,0,0.0329,0.872,0.905,0.084,0.0573,133.805,234400,enigmatic
0.493,0.175,10,-18.049,0,0.036,0.949,0.777,0.112,0.278,106.903,286467,enigmatic
0.147,0.0457,0,-19.188,1,0.042,0.96,0.927,0.106,0.0364,138.942,349920,enigmatic
0.195,0.0111,7,-31.641,0,0.0337,0.845,0.000881,0.112,0.3,83.735,103025,enigmatic
0.171,0.505,7,-10.525,1,0.0521,0.431,0.962,0.262,0.0796,92.613,197213,enigmatic
0.299,0.571,5,-8.949,0,0.0395,0.318,0.137,0.0452,0.764,89.642,51800,enigmatic
0.142,0.113,2,-25.362,0,0.0415,0.859,0.838,0.107,0.0697,98.575,255693,enigmatic
0.103,0.384,0,-16.401,0,0.0556,0.549,0.897,0.111,0.0747,79.262,326773,enigmatic
0.577,0.379,7,-13.82,0,0.0368,0.753,0.955,0.126,0.284,103.112,179573,enigmatic
0.099,0.0567,1,-20.712,1,0.0398,0.96,0.81,0.104,0.0456,82.744,170400,enigmatic
0.187,0.0602,9,-25.767,0,0.0464,0.408,0.922,0.122,0.0362,68.751,247333,enigmatic
0.079,0.149,7,-20.372,0,0.0486,0.102,0.915,0.111,0.111,81.277,112973,enigmatic
0.167,0.0721,8,-19.221,0,0.0339,0.856,0.265,0.0758,0.0388,86.116,128280,enigmatic
0.143,0.369,0,-14.263,1,0.0425,0.772,0.9,0.0696,0.396,75.465,296173,enigmatic
0.262,0.224,9,-20.231,0,0.0463,0.0545,0.95,0.118,0.0388,119.715,246272,enigmatic
0.745,0.607,7,-10.327,1,0.0631,0.201,0.861,0.0593,0.466,142.012,145080,enigmatic
0.329,0.301,7,-14.762,0,0.0413,0.929,0.88,0.11,0.0465,63.519,122253,enigmatic
0.224,0.15,0,-15.541,1,0.0361,0.0297,0.806,0.161,0.0563,126.88,148107,enigmatic
0.237,0.062,9,-22.176,0,0.0513,0.417,0.893,0.178,0.0357,114.738,142253,enigmatic
0.18,0.0382,2,-22.028,0,0.0452,0.983,0.0141,0.15,0.0593,69.897,187467,enigmatic
0.151,0.103,9,-22.221,1,0.0412,0.918,0.852,0.0756,0.036,97.5,235667,enigmatic
0.129,0.0263,4,-30.184,1,0.0415,0.82,0.956,0.0959,0.039,52.193,370667,enigmatic
0.486,0.312,1,-16.772,1,0.0317,0.206,0.734,0.0854,0.11,135.988,213893,enigmatic
0.159,0.123,4,-26.301,0,0.0652,0.864,0.762,0.104,0.0498,131.552,161466,enigmatic
0.218,0.19,7,-20.281,1,0.0355,0.772,0.749,0.133,0.0695,78.962,222773,enigmatic
0.432,0.219,3,-15.037,1,0.039,0.757,0.789,0.0822,0.0928,138.003,337471,enigmatic
0.227,0.264,0,-14.905,1,0.0325,0.881,0.9,0.114,0.228,84.986,321067,enigmatic
0.534,0.487,10,-11.201,1,0.0302,0.74,0.885,0.109,0.237,112.989,200227,enigmatic
0.381,0.582,2,-11.52,1,0.0406,0.0328,0.94,0.0843,0.0697,133.991,143453,enigmatic
0.165,0.395,0,-18.042,1,0.0439,0.0949,0.925,0.112,0.105,131.638,222453,enigmatic
0.0717,0.0154,7,-30.218,0,0.0419,0.905,0.937,0.0928,0.0356,78.822,339587,enigmatic
0.476,0.192,9,-15.753,1,0.064,0.976,0.928,0.119,0.114,116.542,98040,enigmatic
0.149,0.117,2,-20.966,1,0.0442,0.905,0.919,0.111,0.0882,95.68,91493,enigmatic
0.249,0.228,0,-15.678,1,0.0388,0.13,0.846,0.276,0.139,102.592,169067,enigmatic
0.182,0.0784,2,-26.043,1,0.0389,0.478,0.00263,0.137,0.0817,106.712,534400,enigmatic
0.463,0.273,9,-18.639,1,0.0358,0.361,0.943,0.165,0.521,109.23,109933,enigmatic
0.164,0.0719,2,-18.535,1,0.0355,0.969,0.317,0.0788,0.0784,74.352,293533,enigmatic
0.149,0.0988,3,-24.512,1,0.0409,0.711,0.938,0.108,0.146,136.401,137773,enigmatic
0.0753,0.163,0,-17.328,1,0.0402,0.89,0.936,0.115,0.0395,76.405,219600,enigmatic
0.304,0.0116,7,-33.19,0,0.0337,0.983,0.963,0.104,0.0364,77.84,246627,enigmatic
0.179,0.187,5,-20.555,0,0.0398,0.908,0.978,0.105,0.0503,115.163,156933,enigmatic
0.123,0.194,3,-12.089,0,0.0456,0.979,0.886,0.0992,0.0387,169.486,186733,enigmatic
0.372,0.485,0,-14.809,1,0.0445,0.0407,0.935,0.122,0.107,104.851,135312,enigmatic
0.407,0.433,2,-15.331,0,0.0376,0.467,0.936,0.0663,0.0779,119.921,155827,enigmatic
0.0992,0.226,9,-14.84,0,0.0339,0.937,0.903,0.183,0.0605,79.518,256493,enigmatic
0.204,0.0522,0,-26.234,1,0.0404,0.968,0.937,0.0799,0.0345,78.274,123533,enigmatic
0.27,0.399,2,-16.951,0,0.0846,0.185,0.813,0.158,0.0335,85.297,118413,enigmatic
0.0808,0.00285,4,-41.786,0,0.0402,0.984,0.666,0.0736,0.0375,64.48,305840,enigmatic
0.0938,0.158,9,-18.539,1,0.0495,0.949,0.921,0.111,0.0347,86.925,235587,enigmatic
0.139,0.221,0,-16.382,1,0.0374,0.761,0.892,0.318,0.063,78.841,244133,enigmatic
0.175,0.171,4,-19.589,0,0.0411,0.97,0.9,0.208,0.0746,122.278,128320,enigmatic
0.252,0.144,10,-17.657,1,0.0283,0.758,0.901,0.0852,0.0677,182.776,310267,enigmatic
0.279,0.102,2,-19.933,1,0.0365,0.852,0.904,0.216,0.0599,138.581,280560,enigmatic
0.826,0.553,1,-10.121,0,0.234,0.163,4.12E-05,0.135,0.4,140.037,168228,epic
0.569,0.882,3,-2.777,0,0.06,0.0316,0,0.142,0.201,148.038,191701,epic
0.561,0.965,7,-3.673,0,0.0343,0.00383,7.07E-06,0.371,0.304,128.04,175238,epic
0.696,0.809,5,-8.254,1,0.05,0.252,0.000128,0.248,0.857,132.962,131013,epic
0.621,0.782,2,-5.548,1,0.044,0.0125,0.033,0.23,0.55,128.033,198938,epic
0.775,0.677,8,-4.703,0,0.0442,0.0313,0.00517,0.112,0.698,124.011,189357,epic
0.911,0.712,1,-5.105,0,0.0817,0.0901,2.68E-05,0.0933,0.425,92.005,178567,epic
0.877,0.803,9,-3.195,1,0.0507,0.734,0.056,0.087,0.795,130.028,61673,epic
0.529,0.673,0,-4.711,1,0.175,0.000307,2.41E-06,0.093,0.366,165.921,218365,epic
0.68,0.826,0,-5.487,1,0.0309,0.0212,1.24E-05,0.543,0.644,118.051,215627,epic
0.773,0.892,1,-3.732,0,0.0483,0.166,3.10E-06,0.429,0.842,130.007,222462,epic
0.65,0.715,5,-5.198,0,0.253,0.0993,0.000291,0.126,0.187,106.672,243717,epic
0.602,0.91,7,-3.404,1,0.0308,0.00126,0.000174,0.12,0.228,127.944,140018,epic
0.593,0.641,7,-12.727,0,0.0992,0.426,0.901,0.122,0.147,175.014,142839,epic
0.561,0.52,11,-9.342,0,0.244,0.0503,1.86E-06,0.355,0.424,153.15,239360,epic
0.538,0.742,2,-5.355,1,0.114,0.138,4.67E-05,0.0934,0.25,96.107,272373,epic
0.712,0.972,10,-0.514,1,0.112,0.00547,7.06E-05,0.128,0.568,119.966,145000,epic
0.911,0.573,6,-7.43,1,0.288,0.38,0,0.403,0.972,140.04,97393,epic
0.834,0.73,8,-3.714,1,0.222,0.00513,0,0.124,0.446,155.008,312820,epic
0.823,0.388,1,-10.867,1,0.491,0.0187,0,0.0876,0.507,154.569,139326,epic
0.767,0.83,7,-8.78,1,0.206,0.209,0.836,0.0582,0.187,75.023,139300,epic
0.534,0.855,1,-4.923,0,0.183,0.0607,0.000263,0.346,0.42,122.06,153443,epic
0.874,0.869,1,-5.996,0,0.0315,0.00116,0.00238,0.164,0.726,126.027,102861,epic
0.892,0.662,8,-3.894,1,0.162,0.169,1.24E-06,0.363,0.607,93.976,227013,epic
0.486,0.545,11,-7.924,1,0.0336,0.0652,0.00474,0.0642,0.0385,150.187,123891,epic
0.607,0.767,5,-6.069,0,0.0474,0.118,0,0.122,0.662,123.998,148629,epic
0.847,0.69,1,-7.877,0,0.0493,0.0127,6.00E-05,0.0526,0.692,125.004,186662,epic
0.954,0.516,6,-5.817,1,0.16,0.03,7.54E-06,0.0504,0.624,105.001,139560,epic
0.762,0.766,7,-3.955,1,0.0343,0.00776,6.98E-05,0.128,0.442,130.001,287120,epic
0.898,0.676,9,-5.196,1,0.187,0.14,0,0.101,0.742,147.991,172125,epic
0.819,0.626,10,-4.574,0,0.202,0.00748,0.101,0.167,0.415,143.01,195906,epic
0.598,0.427,7,-8.764,0,0.0317,0.0546,5.83E-06,0.21,0.0605,76.469,175721,epic
0.808,0.745,10,-5.26,0,0.342,0.145,0,0.292,0.829,165.995,210800,epic
0.877,0.517,2,-5.426,0,0.0706,0.217,0,0.143,0.255,119.996,162053,epic
0.735,0.449,2,-9.933,0,0.383,0.859,0,0.213,0.514,146.016,175890,epic
0.845,0.797,1,-4.984,1,0.139,0.0582,5.57E-06,0.167,0.422,121.985,151475,epic
0.696,0.793,8,-5.733,1,0.097,0.0683,3.78E-06,0.18,0.698,120.003,172253,epic
0.896,0.586,10,-6.687,0,0.0559,0.104,0,0.79,0.642,116.971,196653,epic
0.795,0.684,11,-3.971,0,0.0419,0.0225,0,0.658,0.419,114.011,237895,epic
0.849,0.424,5,-9.579,0,0.324,0.0635,0,0.0834,0.153,145.887,242966,epic
0.548,0.805,7,-5.732,1,0.351,0.212,0.000389,0.408,0.648,142.094,216387,epic
0.553,0.659,8,-7.295,1,0.0391,0.0027,0,0.105,0.105,120.146,234000,epic
0.701,0.716,7,-3.671,0,0.0361,0.174,0,0.324,0.732,91.007,140533,epic
0.687,0.818,0,-4.221,1,0.0778,0.0112,0,0.248,0.886,125.952,165753,epic
0.616,0.841,5,-4.779,0,0.076,0.0559,0.00217,0.417,0.714,110.029,154561,epic
0.731,0.573,4,-10.059,0,0.0544,0.401,5.22E-05,0.113,0.145,109.928,205090,epic
0.739,0.586,10,-5.079,0,0.0472,0.0245,0.000252,0.308,0.444,124.026,142677,epic
0.883,0.657,8,-5.748,1,0.305,0.0603,0,0.128,0.284,124.992,172933,epic
0.713,0.703,8,-5.769,1,0.194,0.298,0,0.321,0.576,123.06,255693,epic
0.737,0.899,6,-3.189,0,0.0556,0.0329,0,0.186,0.358,125.992,201146,epic
0.736,0.704,3,-7.409,0,0.0615,0.0203,0,0.0501,0.894,149.995,212000,epic
0.754,0.763,7,-4.627,0,0.0435,0.0301,2.23E-05,0.0901,0.464,117.953,164819,epic
0.664,0.609,1,-6.509,1,0.0707,0.304,0,0.0926,0.194,130.041,210560,epic
0.79,0.67,1,-5.527,1,0.105,0.377,2.32E-06,0.119,0.408,139.956,195950,epic
0.67,0.896,1,-4.673,1,0.058,0.0342,3.21E-05,0.344,0.403,101.216,160000,epic
0.755,0.676,5,-7.349,1,0.0377,0.0418,0.00176,0.204,0.461,123.98,209136,epic
0.843,0.669,1,-4.105,0,0.0639,0.0846,1.28E-05,0.105,0.435,136.979,238253,epic
0.621,0.785,6,-4.499,1,0.11,0.0165,5.92E-06,0.0512,0.779,123.96,155253,epic
0.801,0.601,8,-7.574,0,0.255,0.0777,3.23E-05,0.145,0.74,159.969,182907,epic
0.593,0.503,8,-6.725,0,0.22,0.293,0,0.405,0.71,178.781,137704,epic
0.841,0.593,1,-7.846,1,0.0379,0.418,0,0.124,0.808,124.917,162803,epic
0.454,0.931,11,-4.083,1,0.0321,0.238,0.000623,0.289,0.462,137.945,160530,epic
0.912,0.412,7,-8.074,1,0.123,0.0165,0.0126,0.104,0.423,154.983,238614,epic
0.604,0.601,2,-7.887,0,0.0628,0.15,0.000579,0.168,0.156,139.88,164629,epic
0.848,0.821,2,-5.408,0,0.0527,0.0169,0.000403,0.0962,0.249,125.051,157445,epic
0.834,0.828,11,-2.657,0,0.0452,0.21,5.91E-06,0.103,0.58,102.019,195294,epic
0.763,0.782,7,-4.541,0,0.0346,0.182,7.08E-06,0.293,0.502,127.034,177689,epic
0.768,0.74,0,-6.595,1,0.336,0.696,6.81E-06,0.23,0.532,141.059,129362,epic
0.795,0.845,9,-3.809,0,0.135,0.105,1.14E-05,0.172,0.769,170.023,254920,epic
0.787,0.833,8,-4.403,1,0.0478,0.018,0.00747,0.0374,0.796,123.97,162604,epic
0.772,0.878,2,-4.22,1,0.324,0.0301,2.18E-06,0.251,0.305,61.311,135747,epic
0.665,0.738,0,-5.931,0,0.0379,0.0124,0.00598,0.0923,0.0389,125.037,214071,epic
0.625,0.814,0,-5.181,1,0.0657,0.0172,0,0.158,0.535,144.991,205485,epic
0.69,0.84,11,-6.947,1,0.0573,0.0268,3.06E-05,0.363,0.493,129.935,191365,epic
0.696,0.733,1,-6.181,1,0.256,0.115,0,0.111,0.292,98.355,214445,epic
0.56,0.832,9,-6.432,0,0.0363,0.00953,0.00541,0.546,0.0818,126,236000,epic
0.561,0.928,6,-5.812,0,0.0371,0.087,0.894,0.332,0.182,125.988,171429,epic
0.794,0.719,0,-7.227,1,0.0761,0.0119,0,0.276,0.69,90.016,186964,epic
0.803,0.597,11,-6.035,0,0.141,0.000619,4.50E-06,0.323,0.331,136.008,257605,epic
0.612,0.862,8,-2.903,1,0.037,0.041,0,0.0907,0.354,123.849,160766,epic
0.909,0.824,1,-4.627,1,0.0797,0.0777,0.00387,0.0638,0.585,109.97,322347,epic
0.706,0.675,1,-6.351,0,0.237,0.177,0,0.0852,0.516,159.961,188596,epic
0.683,0.932,8,-10.402,1,0.0513,0.0389,0.605,0.0615,0.553,125.002,235786,epic
0.662,0.848,0,-4.338,0,0.0346,0.0932,7.62E-06,0.241,0.773,123.041,171778,epic
0.513,0.661,5,-6.419,1,0.24,0.161,0,0.246,0.179,94.791,209213,epic
0.778,0.695,4,-6.865,0,0.0913,0.175,0,0.15,0.472,149.996,132780,epic
0.685,0.886,0,-4.179,1,0.034,0.028,0,0.481,0.615,125.034,161267,epic
0.783,0.768,11,-8.471,0,0.157,0.00198,0,0.171,0.267,143.071,124806,epic
0.849,0.581,6,-5.464,0,0.261,0.0178,0,0.092,0.274,142.015,217610,epic
0.688,0.647,2,-7.258,1,0.19,0.00815,1.65E-05,0.095,0.195,88.834,164580,epic
0.79,0.764,4,-4.685,0,0.0737,0.0836,0.0871,0.132,0.473,123.046,185366,epic
0.767,0.862,5,-5.464,0,0.0606,0.14,0.0092,0.252,0.509,128.039,166570,epic
0.773,0.422,1,-4.572,0,0.187,0.00783,0.00693,0.129,0.488,77.502,136267,epic
0.623,0.727,11,-5.57,0,0.0562,0.184,2.02E-05,0.309,0.4,125.975,165800,epic
0.828,0.893,1,-3.344,1,0.0496,0.033,0.00535,0.0811,0.602,124.043,145766,epic
0.62,0.935,1,-0.504,1,0.252,0.228,0.00443,0.0601,0.559,87.532,177292,epic
0.84,0.667,8,-7.126,1,0.0843,0.0439,1.34E-05,0.179,0.292,120.044,145667,epic
0.925,0.561,3,-8.675,1,0.176,0.0659,0.0271,0.152,0.721,128.034,181365,epic
0.797,0.631,3,-3.818,0,0.0786,0.0904,3.71E-06,0.0998,0.288,129.915,184213,epic
0.793,0.736,7,-3.254,0,0.0469,0.0822,0,0.109,0.656,112.993,237525,epic
0.587,0.0614,9,-22.387,0,0.0484,0.981,0.894,0.112,0.399,75.041,156067,focus
0.416,0.0608,7,-18.971,1,0.041,0.961,0.87,0.129,0.158,66.707,165483,focus
0.599,0.114,4,-20.061,1,0.0399,0.966,0.917,0.109,0.0553,79.979,129187,focus
0.297,0.0461,0,-20.517,0,0.0336,0.91,0.895,0.112,0.0927,73.838,126506,focus
0.577,0.0721,2,-22.973,1,0.0317,0.981,0.898,0.111,0.242,73.998,151917,focus
0.467,0.243,11,-22.534,1,0.0332,0.842,0.947,0.115,0.0541,75.031,158000,focus
0.442,0.112,2,-18.687,1,0.0415,0.985,0.919,0.111,0.111,112.206,126986,focus
0.509,0.212,6,-23.342,1,0.0305,0.843,0.853,0.111,0.0711,84,143500,focus
0.346,0.0513,7,-20.528,1,0.0432,0.954,0.895,0.105,0.058,129.445,183500,focus
0.378,0.0973,3,-20.7,1,0.0418,0.955,0.94,0.115,0.0564,118.209,154992,focus
0.529,0.214,6,-19.268,1,0.0315,0.8,0.907,0.109,0.0903,124.069,149000,focus
0.513,0.0646,0,-21.471,1,0.0352,0.964,0.828,0.0967,0.135,74.906,169567,focus
0.641,0.0198,11,-20.453,0,0.05,0.921,0.908,0.117,0.248,74.006,136442,focus
0.599,0.105,11,-18.588,0,0.0325,0.986,0.876,0.111,0.185,72.16,141693,focus
0.56,0.158,1,-17.596,1,0.0321,0.98,0.879,0.111,0.234,138.093,119185,focus
0.496,0.103,5,-21.476,0,0.035,0.933,0.893,0.111,0.0696,143.55,149708,focus
0.247,0.015,11,-22.966,0,0.0352,0.976,0.823,0.103,0.142,35.75,128240,focus
0.376,0.0199,9,-19.075,1,0.0446,0.987,0.93,0.107,0.136,74.801,139419,focus
0.517,0.0377,5,-24.575,1,0.034,0.972,0.894,0.109,0.0699,79.983,125438,focus
0.46,0.188,1,-22.21,0,0.0333,0.944,0.817,0.108,0.075,74.04,186010,focus
0.587,0.101,6,-19.363,0,0.035,0.895,0.915,0.111,0.167,74.047,178300,focus
0.614,0.109,11,-18.283,0,0.0471,0.913,0.905,0.11,0.158,148.072,165459,focus
0.352,0.153,4,-15.869,1,0.0389,0.989,0.931,0.142,0.191,71.719,159500,focus
0.5,0.0744,7,-20.888,1,0.0381,0.959,0.93,0.11,0.0828,65.364,163917,focus
0.498,0.119,0,-20.206,1,0.0286,0.874,0.942,0.111,0.0532,74.921,136258,focus
0.521,0.119,10,-18.879,1,0.0364,0.976,0.878,0.113,0.163,59.008,153878,focus
0.316,0.0899,0,-22.09,1,0.0458,0.864,0.845,0.112,0.0903,73.709,137365,focus
0.58,0.0541,10,-20.988,0,0.0312,0.978,0.896,0.111,0.208,147.79,165260,focus
0.352,0.074,4,-23.149,0,0.0303,0.98,0.879,0.107,0.116,71.46,163831,focus
0.528,0.103,5,-21.485,1,0.0324,0.838,0.868,0.114,0.0896,84.035,124286,focus
0.452,0.0314,11,-23.602,0,0.0399,0.911,0.918,0.119,0.0507,78.082,140525,focus
0.599,0.209,1,-19.438,1,0.0374,0.898,0.843,0.112,0.125,139.926,150718,focus
0.621,0.136,9,-26.077,0,0.0396,0.859,0.906,0.111,0.131,140.068,132500,focus
0.536,0.189,2,-17.024,1,0.0394,0.858,0.897,0.111,0.122,73.964,161316,focus
0.594,0.0979,2,-16.918,1,0.0379,0.978,0.931,0.112,0.191,133.627,192592,focus
0.617,0.127,11,-17.301,0,0.0386,0.956,0.707,0.111,0.198,116.099,128000,focus
0.653,0.134,4,-19.707,1,0.062,0.836,0.876,0.0908,0.0937,120.033,157681,focus
0.542,0.106,0,-20.175,1,0.0389,0.955,0.947,0.0812,0.141,67.994,178599,focus
0.591,0.0949,6,-15.708,0,0.0462,0.967,0.902,0.103,0.146,136.406,121765,focus
0.605,0.055,10,-22.641,0,0.0313,0.95,0.907,0.113,0.139,74.966,135700,focus
0.392,0.194,5,-16.216,0,0.034,0.98,0.91,0.118,0.179,108.663,182434,focus
0.646,0.153,5,-20.776,1,0.0362,0.946,0.821,0.207,0.124,92.699,165724,focus
0.551,0.128,2,-16.382,1,0.0316,0.927,0.937,0.105,0.0828,74.934,184231,focus
0.665,0.0654,11,-18.799,0,0.0466,0.963,0.901,0.111,0.299,127.191,131519,focus
0.476,0.064,11,-17.377,0,0.0411,0.939,0.872,0.109,0.146,73.825,193417,focus
0.525,0.0856,0,-16.351,1,0.0395,0.976,0.865,0.118,0.121,74.038,150088,focus
0.756,0.0881,9,-19.834,0,0.0501,0.94,0.911,0.111,0.165,124.082,200235,focus
0.413,0.0324,5,-25.884,1,0.0273,0.922,0.855,0.0946,0.0727,74.943,166599,focus
0.586,0.0459,3,-21.804,1,0.0311,0.984,0.936,0.128,0.0674,75,149600,focus
0.595,0.13,0,-19.655,1,0.034,0.97,0.868,0.111,0.181,100.93,162902,focus
0.555,0.0712,5,-17.961,1,0.0373,0.98,0.738,0.111,0.251,67.075,150558,focus
0.465,0.0375,4,-22.686,0,0.0352,0.921,0.853,0.096,0.0796,85.019,156130,focus
0.616,0.171,10,-17.482,0,0.0405,0.993,0.929,0.11,0.213,84.064,140804,focus
0.406,0.103,2,-17.993,1,0.0408,0.972,0.9,0.112,0.182,67.543,146867,focus
0.489,0.185,2,-21.407,0,0.0282,0.762,0.893,0.111,0.135,149.927,181256,focus
0.546,0.132,11,-18.227,0,0.0344,0.636,0.903,0.135,0.15,130.016,156753,focus
0.321,0.113,10,-17.222,1,0.0376,0.959,0.924,0.11,0.152,67.401,144404,focus
0.317,0.0992,4,-20.105,1,0.0301,0.891,0.863,0.111,0.15,95.929,131592,focus
0.577,0.0406,11,-21.477,1,0.0482,0.965,0.873,0.11,0.297,149.851,161698,focus
0.469,0.0737,2,-22.375,1,0.0413,0.969,0.922,0.111,0.204,144.04,163656,focus
0.492,0.038,0,-23.197,1,0.0378,0.94,0.897,0.111,0.265,74.866,134783,focus
0.55,0.0907,6,-16.55,1,0.0348,0.994,0.928,0.111,0.135,83.041,124854,focus
0.463,0.114,1,-17.919,0,0.0297,0.932,0.88,0.107,0.0681,149.941,135400,focus
0.476,0.104,11,-20.96,0,0.0296,0.932,0.894,0.111,0.0386,70.003,205795,focus
0.388,0.0247,7,-22.376,1,0.042,0.978,0.911,0.111,0.336,78.486,149973,focus
0.526,0.0732,7,-19.831,1,0.034,0.926,0.869,0.149,0.131,90.815,147767,focus
0.604,0.216,11,-18.172,0,0.0412,0.873,0.863,0.111,0.0708,72.029,167820,focus
0.297,0.0991,11,-20.172,0,0.0393,0.92,0.897,0.111,0.171,35.366,174542,focus
0.302,0.127,9,-19.69,0,0.0386,0.905,0.91,0.0965,0.137,109.262,192047,focus
0.499,0.218,11,-17.352,1,0.037,0.863,0.903,0.111,0.172,140.109,144857,focus
0.482,0.0432,5,-23.186,1,0.0316,0.935,0.856,0.111,0.0775,75.033,167582,focus
0.496,0.134,3,-15.87,1,0.0293,0.984,0.936,0.107,0.0537,64.96,136765,focus
0.559,0.176,4,-15.088,0,0.0325,0.298,0.856,0.181,0.0473,106.999,125607,focus
0.454,0.0699,4,-20.839,0,0.0516,0.264,0.889,0.108,0.0858,64.443,174753,focus
0.668,0.122,1,-17.167,0,0.0539,0.279,0.473,0.0883,0.433,120.07,205000,focus
0.548,0.0525,6,-21.708,0,0.0472,0.86,0.672,0.0865,0.135,73.959,139567,focus
0.454,0.119,11,-21.969,1,0.0305,0.964,0.905,0.11,0.104,75.959,146496,focus
0.296,0.0604,7,-19.685,1,0.0393,0.971,0.896,0.111,0.15,81.874,135417,focus
0.378,0.0684,8,-19.494,1,0.0413,0.985,0.915,0.107,0.134,77.328,145603,focus
0.665,0.12,9,-20.333,0,0.0358,0.925,0.899,0.111,0.147,99.958,141613,focus
0.394,0.0985,5,-22.02,1,0.0338,0.92,0.875,0.142,0.105,139.833,145286,focus
0.552,0.109,5,-19.68,0,0.0326,0.98,0.944,0.119,0.0847,92.038,143579,focus
0.634,0.306,11,-18.009,0,0.0353,0.981,0.949,0.106,0.279,71.015,155574,focus
0.632,0.0535,9,-19.569,0,0.0378,0.984,0.909,0.115,0.189,85.004,162126,focus
0.354,0.129,0,-18.357,1,0.0356,0.913,0.921,0.0827,0.0762,70.841,160684,focus
0.699,0.0356,2,-20.645,0,0.0432,0.965,0.925,0.113,0.326,97.045,164454,focus
0.6,0.0793,2,-20.648,1,0.0372,0.92,0.929,0.117,0.116,89.907,144209,focus
0.255,0.00954,2,-27.838,1,0.04,0.99,0.806,0.0992,0.225,71.052,155077,focus
0.607,0.124,9,-18.633,0,0.0329,0.945,0.839,0.113,0.0805,97.094,139212,focus
0.421,0.059,2,-22.33,0,0.0384,0.934,0.888,0.115,0.158,75.984,135599,focus
0.611,0.0622,4,-21.731,0,0.0379,0.95,0.928,0.111,0.0602,73.04,147558,focus
0.243,0.0727,3,-22.296,1,0.0297,0.857,0.874,0.107,0.151,81.579,222992,focus
0.597,0.115,7,-18.215,1,0.0373,0.954,0.923,0.11,0.13,97.044,190820,focus
0.426,0.101,7,-18.238,0,0.0367,0.962,0.943,0.109,0.0626,78.734,166891,focus
0.516,0.108,0,-20.004,1,0.042,0.962,0.907,0.11,0.116,76.987,155225,focus
0.534,0.0458,4,-23.414,0,0.0372,0.99,0.941,0.104,0.0405,129.818,155077,focus
0.311,0.0541,2,-21.289,1,0.0486,0.994,0.926,0.112,0.281,59.549,139072,focus
0.584,0.0374,7,-22.862,1,0.0418,0.969,0.884,0.112,0.173,116.88,167525,focus
0.461,0.0611,0,-20.555,1,0.044,0.962,0.93,0.112,0.133,120.815,195122,focus
0.597,0.127,5,-17.192,0,0.037,0.991,0.929,0.126,0.135,70.051,152597,focus
0.796,0.798,1,-6.312,1,0.0317,0.034,4.19E-05,0.0952,0.942,116.032,202735,happy
0.644,0.879,6,-5.204,0,0.0761,0.00423,6.91E-06,0.286,0.808,126.935,131000,happy
0.687,0.818,0,-4.221,1,0.0778,0.0112,0,0.248,0.886,125.952,165753,happy
0.739,0.586,10,-5.079,0,0.0472,0.0245,0.000252,0.308,0.444,124.026,142677,happy
0.747,0.616,3,-9.76,0,0.0324,0.176,0.116,0.143,0.908,131.975,192151,happy
0.578,0.912,1,-3.929,1,0.114,0.0166,0.00362,0.273,0.68,127.87,177525,happy
0.621,0.785,6,-4.499,1,0.11,0.0165,5.92E-06,0.0512,0.779,123.96,155253,happy
0.454,0.931,11,-4.083,1,0.0321,0.238,0.000623,0.289,0.462,137.945,160530,happy
0.736,0.906,0,-7.589,1,0.048,0.164,0.585,0.106,0.698,137.001,226627,happy
0.747,0.867,0,-7.311,1,0.088,0.582,0.00413,0.114,0.684,124.015,220653,happy
0.763,0.782,7,-4.541,0,0.0346,0.182,7.08E-06,0.293,0.502,127.034,177689,happy
0.665,0.738,0,-5.931,0,0.0379,0.0124,0.00598,0.0923,0.0389,125.037,214071,happy
0.571,0.937,6,-3.365,1,0.033,0.0337,3.71E-05,0.212,0.607,148.979,127004,happy
0.73,0.907,2,-3.72,1,0.0606,0.0921,0.114,0.23,0.249,120.968,111074,happy
0.733,0.96,7,-3.597,1,0.0295,0.0514,0.00199,0.287,0.811,124.01,189672,happy
0.686,0.892,10,-3.186,0,0.0498,0.0577,7.11E-06,0.0838,0.752,126.03,157206,happy
0.573,0.736,11,-6.882,1,0.0435,0.0616,0,0.508,0.185,126.014,166667,happy
0.643,0.585,2,-5.994,1,0.0369,0.225,0,0.0927,0.188,106.015,216873,happy
0.588,0.804,6,-5.594,1,0.0428,0.00265,0,0.0708,0.381,124.055,187041,happy
0.539,0.708,5,-6.189,1,0.0976,0.0129,0,0.14,0.381,123.039,186141,happy
0.621,0.747,11,-5.084,1,0.0337,0.222,0.000194,0.147,0.426,124.015,188894,happy
0.643,0.714,2,-5.504,0,0.0486,0.00444,2.85E-06,0.146,0.205,120.027,132417,happy
0.75,0.797,0,-4.826,1,0.118,0.293,0,0.392,0.523,105.949,215203,happy
0.679,0.762,10,-4.253,0,0.0316,0.00469,0.23,0.0446,0.511,105.407,357936,happy
0.636,0.936,7,-2.65,0,0.0729,0.177,0,0.0879,0.415,124.034,171955,happy
0.687,0.924,9,-7.324,0,0.0361,0.0707,0.228,0.046,0.931,126.018,271240,happy
0.773,0.74,7,-8.169,0,0.0386,0.0627,0.00183,0.0829,0.504,124.014,197473,happy
0.69,0.847,6,-4.565,1,0.0374,0.0145,0.041,0.0777,0.49,124.015,152224,happy
0.53,0.807,6,-5.348,1,0.147,0.000532,2.75E-06,0.496,0.263,127.991,153197,happy
0.817,0.876,8,-7.485,0,0.046,0.0332,0.199,0.412,0.671,131.022,289472,happy
0.878,0.875,1,-4.923,1,0.0658,0.0507,3.42E-05,0.356,0.84,124.006,189880,happy
0.534,0.714,6,-6.347,0,0.0629,0.00633,0,0.0879,0.415,125.99,201701,happy
0.601,0.879,2,-2.673,0,0.0353,0.0313,0,0.0793,0.589,124.013,188732,happy
0.673,0.839,9,-6.787,0,0.0373,0.0177,0.416,0.126,0.24,125.03,188160,happy
0.712,0.796,0,-6.325,1,0.0486,0.0422,1.44E-05,0.274,0.605,125.994,139927,happy
0.629,0.917,6,-2.095,0,0.0964,0.0273,0,0.521,0.627,124.024,190609,happy
0.8,0.771,10,-6.638,0,0.123,0.0531,0,0.229,0.886,118.991,218476,happy
0.786,0.718,0,-6.292,0,0.04,0.00519,0.000977,0.127,0.525,123.951,166573,happy
0.677,0.732,7,-5.028,0,0.031,0.0113,0.227,0.0978,0.242,126.018,171548,happy
0.692,0.856,1,-2.963,0,0.0351,0.0746,1.15E-05,0.153,0.963,125.99,171905,happy
0.657,0.816,0,-4.819,0,0.168,0.101,0,0.137,0.584,120.092,140018,happy
0.706,0.77,10,-6.224,0,0.0653,0.397,1.84E-05,0.209,0.967,117.075,158549,happy
0.785,0.86,7,-5.902,1,0.0368,0.00013,0.179,0.152,0.787,130.013,173562,happy
0.683,0.977,6,-2.582,0,0.106,0.00372,0.0109,0.166,0.884,129.996,180639,happy
0.648,0.775,5,-4.798,1,0.0694,0.0561,0,0.444,0.371,128.072,217266,happy
0.591,0.921,11,-5.572,0,0.0656,0.00261,0.00512,0.946,0.436,140.063,135429,happy
0.821,0.781,0,-4.465,1,0.0397,0.00563,0.0191,0.0403,0.434,137.017,133213,happy
0.641,0.788,5,-5.817,1,0.05,0.149,0,0.0943,0.782,147.947,214943,happy
0.737,0.837,4,-6.448,0,0.054,0.223,0,0.159,0.575,118.998,161345,happy
0.624,0.966,6,-3.155,0,0.041,0.0729,4.84E-06,0.181,0.758,124.984,182463,happy
0.716,0.853,9,-3.254,0,0.03,0.00812,0.000268,0.154,0.593,124.014,178294,happy
0.728,0.95,11,-4.216,0,0.0977,0.0055,0.00386,0.33,0.812,124.003,224516,happy
0.831,0.632,1,-5.727,1,0.0421,0.00838,0.00247,0.0962,0.419,120.01,192614,happy
0.596,0.743,6,-4.149,1,0.0302,0.0696,2.37E-06,0.202,0.531,125.883,158807,happy
0.812,0.796,8,-10.548,1,0.0356,0.00826,0.921,0.365,0.961,125.976,249679,happy
0.692,0.846,8,-5.72,1,0.0559,0.0194,2.91E-05,0.324,0.827,124.007,203947,happy
0.633,0.901,6,-6.741,1,0.0474,0.00484,0.21,0.357,0.506,130.058,175033,happy
0.65,0.801,8,-5.624,0,0.0764,0.0257,0.00239,0.0942,0.605,125.008,307918,happy
0.678,0.931,5,-5.813,1,0.0867,0.00159,0.0275,0.091,0.346,130.021,201231,happy
0.788,0.945,9,-5.091,1,0.0599,0.223,2.97E-06,0.115,0.466,128.036,168053,happy
0.727,0.822,5,-4.481,0,0.0471,0.0698,0.000175,0.408,0.855,118.092,162787,happy
0.653,0.978,9,-4.868,0,0.0589,0.0151,0.714,0.309,0.756,122.017,208545,happy
0.567,0.865,2,-5.482,1,0.0674,0.0449,0.0026,0.414,0.509,126.996,199016,happy
0.737,0.682,7,-4.2,0,0.0383,0.0714,0.00916,0.158,0.393,126.028,171448,happy
0.853,0.804,7,-4.829,1,0.0497,0.0323,1.54E-06,0.177,0.29,120.03,188000,happy
0.75,0.85,7,-5.925,0,0.0501,0.0451,0.00351,0.559,0.877,122.04,232745,happy
0.681,0.727,11,-8.106,0,0.0547,0.000708,0.000197,0.398,0.551,124.997,165120,happy
0.763,0.684,11,-6.776,1,0.136,0.0756,0.000182,0.19,0.745,129.063,175834,happy
0.738,0.936,4,-3.451,0,0.219,0.00151,0.707,0.617,0.27,127.022,145984,happy
0.782,0.728,5,-6.568,1,0.146,0.00245,7.90E-05,0.241,0.602,122.035,229586,happy
0.865,0.752,6,-6.565,1,0.053,0.0409,0,0.185,0.922,117.981,134746,happy
0.61,0.765,3,-4.914,1,0.172,0.175,1.05E-06,0.0914,0.243,125.028,312226,happy
0.563,0.83,5,-3.765,1,0.0365,0.022,0,0.127,0.41,129.948,175385,happy
0.692,0.845,7,-5.928,0,0.0543,0.0116,0.0639,0.35,0.158,123.014,232683,happy
0.662,0.794,6,-4.239,1,0.0533,0.171,0,0.0883,0.641,104.951,192000,happy
0.558,0.715,9,-5.231,1,0.0375,0.0667,0,0.097,0.297,127.001,202671,happy
0.699,0.785,8,-5.082,1,0.264,0.0184,0.0289,0.104,0.642,126.106,146693,happy
0.674,0.924,0,-4.943,0,0.102,0.0143,6.09E-06,0.216,0.811,123.04,240053,happy
0.648,0.795,0,-5.67,1,0.0433,0.0275,0,0.113,0.364,100.032,211011,happy
0.803,0.935,4,-4.915,0,0.032,0.0145,0.191,0.296,0.738,124.008,193795,happy
0.764,0.84,5,-4.311,1,0.0596,0.00834,0.0777,0.0911,0.67,126.03,131474,happy
0.617,0.719,11,-7.991,0,0.0606,0.0453,7.47E-05,0.688,0.435,124.911,151693,happy
0.537,0.964,5,-2.677,0,0.0552,0.018,0.00138,0.16,0.509,125.992,208254,happy
0.776,0.614,2,-7.666,1,0.0488,0.18,0,0.109,0.43,120.003,209013,happy
0.624,0.94,11,-3.671,0,0.163,0.000983,0.00409,0.313,0.882,128.014,146849,happy
0.631,0.942,4,-2.98,1,0.0373,0.0155,2.31E-06,0.0931,0.451,124.944,146707,happy
0.645,0.889,5,-4.333,1,0.0394,0.06,0.000241,0.305,0.175,123.057,169504,happy
0.713,0.81,0,-5.108,1,0.0457,0.115,0,0.0527,0.747,124.036,182653,happy
0.572,0.951,6,-4.566,0,0.0504,0.00373,0.0529,0.318,0.276,123.984,191613,happy
0.639,0.878,3,-4.041,1,0.091,0.00937,7.31E-06,0.115,0.842,124.994,167298,happy
0.584,0.955,7,-4.197,0,0.0507,0.101,0.00243,0.092,0.486,128.04,234375,happy
0.601,0.832,0,-5.471,1,0.139,0.0284,0,0.477,0.409,138.061,160870,happy
0.774,0.851,0,-6.621,1,0.0438,0.0346,0.03,0.103,0.463,130.023,149772,happy
0.688,0.91,0,-4.496,0,0.0456,0.00286,1.07E-05,0.129,0.77,119.024,234493,happy
0.58,0.895,3,-5.224,0,0.0396,0.099,0.0117,0.0911,0.356,116.953,207813,happy
0.601,0.711,3,-4.353,0,0.0611,0.0808,0,0.113,0.512,127.948,161035,happy
0.666,0.906,0,-4.938,1,0.0446,0.0196,0.000346,0.0947,0.659,120.94,142335,happy
0.693,0.845,9,-3.27,1,0.0348,0.0127,1.84E-06,0.169,0.498,125.009,169440,happy
0.72,0.908,0,-3.467,0,0.0745,0.00133,0.00716,0.378,0.916,127.896,161069,happy
0.686,0.814,6,-6.122,0,0.036,0.00896,0.000196,0.187,0.48,123.002,177561,happy
0.384,0.0189,1,-31.119,1,0.0395,0.992,0.947,0.0967,0.0834,62.479,130166,relax
0.435,0.0404,4,-26.262,1,0.0358,0.984,0.96,0.0952,0.193,95.929,168499,relax
0.297,0.0126,7,-27.76,1,0.0442,0.994,0.913,0.0785,0.386,171.767,163000,relax
0.461,0.0286,0,-25.117,1,0.0482,0.995,0.986,0.116,0.471,113.851,140103,relax
0.386,0.0128,1,-28.66,1,0.0396,0.991,0.931,0.109,0.189,126.374,130134,relax
0.328,0.00746,0,-28.584,1,0.0356,0.989,0.883,0.134,0.178,95.437,135106,relax
0.344,0.0893,9,-26.873,1,0.0354,0.99,0.927,0.0958,0.178,94.414,139412,relax
0.47,0.0243,5,-24.242,1,0.0354,0.994,0.896,0.121,0.331,81.805,154311,relax
0.327,0.0191,8,-27.091,1,0.0305,0.992,0.928,0.109,0.151,166.839,128724,relax
0.307,0.0381,11,-28.197,1,0.0423,0.993,0.945,0.104,0.0631,72.453,123500,relax
0.358,0.0122,1,-30.056,1,0.0379,0.989,0.922,0.0931,0.21,75.778,151829,relax
0.505,0.0537,1,-29.809,1,0.0481,0.99,0.942,0.0927,0.454,142.816,118625,relax
0.428,0.0258,2,-29.49,1,0.0398,0.991,0.959,0.107,0.179,89.923,156000,relax
0.51,0.108,5,-22.334,1,0.0345,0.973,0.968,0.11,0.286,100.176,131451,relax
0.62,0.0217,6,-24.938,1,0.0419,0.996,0.921,0.111,0.468,74.475,132930,relax
0.398,0.00578,6,-25.436,1,0.0464,0.993,0.969,0.102,0.27,57.701,151750,relax
0.418,0.0373,4,-23.378,1,0.0399,0.985,0.96,0.101,0.135,143.827,122999,relax
0.408,0.0632,0,-24.044,0,0.0371,0.977,0.927,0.175,0.256,126.995,202732,relax
0.368,0.0385,6,-34.973,1,0.0627,0.99,0.946,0.112,0.136,122.674,162062,relax
0.334,0.0593,6,-25.109,1,0.0418,0.992,0.963,0.0836,0.107,77.555,115985,relax
0.493,0.0159,4,-24.847,1,0.0362,0.992,0.908,0.106,0.313,77.532,154963,relax
0.532,0.0378,10,-24.416,1,0.0532,0.993,0.938,0.101,0.196,83.185,147536,relax
0.396,0.0424,1,-26.712,1,0.0447,0.991,0.961,0.148,0.166,63.206,145530,relax
0.265,0.0119,3,-33.766,1,0.0526,0.991,0.946,0.097,0.35,99.932,127000,relax
0.361,0.0649,1,-23.25,1,0.0281,0.984,0.933,0.111,0.354,77.486,140125,relax
0.415,0.0875,0,-26.532,1,0.0344,0.994,0.938,0.0946,0.204,103.774,135345,relax
0.509,0.0154,9,-30.485,0,0.0588,0.99,0.927,0.185,0.37,132.55,134000,relax
0.377,0.0751,3,-32.408,0,0.0293,0.989,0.908,0.0631,0.516,141.654,159000,relax
0.35,0.0617,3,-26.752,1,0.034,0.975,0.935,0.117,0.0931,112.155,139625,relax
0.554,0.0158,7,-27.169,1,0.0353,0.995,0.883,0.112,0.279,73.762,162048,relax
0.325,0.0615,4,-27.534,1,0.0352,0.984,0.923,0.082,0.312,94.597,125042,relax
0.439,0.0237,6,-30.434,1,0.0397,0.994,0.938,0.0969,0.16,113.805,150898,relax
0.407,0.00358,2,-27.226,1,0.0477,0.995,0.952,0.1,0.289,65.243,114233,relax
0.431,0.0248,8,-24.15,1,0.0354,0.988,0.933,0.107,0.257,81.153,185750,relax
0.455,0.0229,5,-25.504,1,0.0356,0.991,0.841,0.103,0.118,76.798,131295,relax
0.405,0.0187,10,-29.086,1,0.0372,0.986,0.924,0.107,0.229,75.78,120269,relax
0.448,0.00919,7,-27.355,1,0.0425,0.991,0.952,0.105,0.0953,124.602,172400,relax
0.509,0.00361,0,-29.96,1,0.0479,0.995,0.959,0.0878,0.199,74.787,112803,relax
0.467,0.0308,3,-25.797,1,0.0412,0.994,0.944,0.107,0.192,67.32,144875,relax
0.265,0.0104,8,-32,1,0.0411,0.992,0.911,0.115,0.115,81.119,180875,relax
0.243,0.0101,1,-29.778,1,0.0401,0.976,0.908,0.0981,0.127,172.937,137642,relax
0.499,0.0613,3,-23.777,1,0.0471,0.988,0.946,0.112,0.243,75.102,137425,relax
0.464,0.0137,7,-27.086,1,0.0496,0.992,0.969,0.105,0.292,102.008,115566,relax
0.538,0.0101,6,-29.191,1,0.0363,0.995,0.942,0.088,0.481,68.322,199429,relax
0.351,0.0335,7,-30.558,1,0.033,0.992,0.919,0.087,0.24,94.378,143750,relax
0.292,0.0747,1,-30.565,1,0.04,0.993,0.894,0.106,0.409,87.915,161914,relax
0.321,0.0269,4,-27.988,1,0.0312,0.989,0.891,0.105,0.193,90.174,156706,relax
0.43,0.00699,10,-27.595,1,0.0447,0.993,0.953,0.105,0.19,76.73,133375,relax
0.402,0.0619,8,-23.399,1,0.0361,0.984,0.933,0.111,0.14,65.875,115124,relax
0.31,0.0352,6,-28.139,0,0.0336,0.98,0.908,0.0978,0.148,157.343,133488,relax
0.225,0.00332,5,-38.899,1,0.0546,0.994,0.945,0.0936,0.394,67.988,199167,relax
0.496,0.0317,3,-25.204,0,0.0479,0.995,0.954,0.105,0.256,73.191,125056,relax
0.435,0.0405,2,-25.515,1,0.0313,0.992,0.905,0.0954,0.129,78.151,147507,relax
0.641,0.0114,6,-27.475,1,0.0458,0.996,0.964,0.106,0.483,80.989,125249,relax
0.642,0.0202,3,-30.725,1,0.0424,0.994,0.928,0.115,0.174,101.97,151765,relax
0.723,0.253,3,-25.567,1,0.0562,0.992,0.953,0.0956,0.19,86.956,116207,relax
0.345,0.0305,6,-24.169,0,0.0326,0.987,0.935,0.1,0.137,162.612,141451,relax
0.441,0.00957,7,-26.839,1,0.0308,0.987,0.884,0.0954,0.373,75.403,225495,relax
0.381,0.0574,5,-27.602,1,0.0316,0.985,0.913,0.106,0.0895,103.14,180372,relax
0.557,0.0177,7,-26.803,1,0.0564,0.995,0.965,0.0996,0.397,135.228,127500,relax
0.375,0.0662,7,-26.344,0,0.0483,0.995,0.922,0.131,0.214,117.282,143920,relax
0.663,0.0132,10,-33.243,1,0.046,0.995,0.953,0.0887,0.327,120.107,221703,relax
0.438,0.0928,1,-28.437,1,0.0304,0.991,0.953,0.105,0.347,137.22,123000,relax
0.309,0.0599,9,-29.964,1,0.0692,0.994,0.932,0.106,0.382,79.049,117893,relax
0.398,0.0287,6,-26.752,1,0.0383,0.981,0.918,0.096,0.084,90.153,170122,relax
0.414,0.0257,9,-28.816,1,0.0375,0.995,0.896,0.0869,0.21,103.102,153306,relax
0.481,0.0246,0,-24.192,1,0.0393,0.991,0.955,0.11,0.127,100.305,131951,relax
0.586,0.0805,8,-23.081,0,0.0341,0.987,0.943,0.0948,0.213,112.213,189940,relax
0.469,0.0029,8,-40.436,1,0.0525,0.992,0.939,0.135,0.509,116.219,143400,relax
0.352,0.0464,1,-27.631,1,0.0307,0.973,0.879,0.107,0.339,98.943,176557,relax
0.412,0.0451,5,-30.732,1,0.0419,0.992,0.932,0.103,0.762,170.149,128932,relax
0.259,0.0424,7,-28.504,0,0.0406,0.995,0.892,0.103,0.3,205.672,137071,relax
0.445,0.0367,1,-31.319,1,0.0433,0.991,0.944,0.0896,0.13,75.396,150833,relax
0.427,0.00626,4,-28.056,1,0.0506,0.995,0.939,0.0909,0.406,63.282,111500,relax
0.362,0.0317,2,-24.252,1,0.0496,0.993,0.964,0.0994,0.329,81.007,159440,relax
0.396,0.0281,2,-30.963,1,0.0333,0.994,0.878,0.103,0.296,100.61,137647,relax
0.364,0.064,9,-24.643,1,0.0384,0.993,0.925,0.0971,0.403,131.662,121750,relax
0.289,0.034,3,-32.438,1,0.0346,0.967,0.884,0.108,0.141,122.271,154875,relax
0.472,0.0307,7,-25.871,1,0.0467,0.996,0.954,0.0979,0.301,137.361,148875,relax
0.377,0.0226,5,-22.748,1,0.0394,0.989,0.941,0.121,0.159,164.635,140602,relax
0.611,0.0126,7,-26.619,1,0.0671,0.996,0.94,0.107,0.263,68.395,127538,relax
0.495,0.084,1,-24.684,1,0.0735,0.995,0.968,0.102,0.453,69.216,130890,relax
0.375,0.0141,11,-26.919,1,0.0365,0.991,0.94,0.0915,0.0443,107.309,146079,relax
0.441,0.018,10,-27.154,0,0.0456,0.994,0.952,0.116,0.204,107.794,146091,relax
0.316,0.0319,6,-29.428,1,0.0511,0.992,0.92,0.0926,0.223,175.256,113986,relax
0.47,0.0593,7,-28.563,1,0.0355,0.99,0.934,0.104,0.178,113.418,131787,relax
0.527,0.0338,7,-26.245,1,0.0832,0.996,0.969,0.184,0.179,67.807,165294,relax
0.49,0.0207,7,-26.438,0,0.036,0.994,0.924,0.134,0.408,99.583,144125,relax
0.446,0.018,8,-27.431,1,0.0436,0.995,0.937,0.0651,0.2,111.725,192817,relax
0.499,0.033,2,-28.101,1,0.0398,0.993,0.947,0.0946,0.236,94.543,137250,relax
0.516,0.0267,11,-30.229,1,0.0461,0.992,0.899,0.0963,0.378,110.636,122698,relax
0.456,0.0555,3,-22.393,1,0.0636,0.992,0.96,0.136,0.38,145.477,243209,relax
0.328,0.00758,10,-26.281,1,0.039,0.988,0.937,0.109,0.151,92.095,174866,relax
0.323,0.0015,1,-36.751,1,0.0447,0.992,0.951,0.109,0.298,61.605,204375,relax
0.366,0.0905,10,-27.851,0,0.0408,0.987,0.833,0.09,0.234,124.479,170738,relax
0.283,0.0329,1,-28.74,1,0.0341,0.975,0.899,0.109,0.192,139.106,116719,relax
0.356,0.0186,9,-26.729,1,0.042,0.991,0.929,0.0996,0.154,84.753,148907,relax
0.499,0.0682,0,-25.339,0,0.0769,0.995,0.97,0.119,0.636,94.127,131238,relax
0.402,0.0185,2,-30.302,0,0.0393,0.994,0.937,0.106,0.237,67.394,151750,relax
0.532,0.023,5,-24.604,1,0.0523,0.989,0.935,0.11,0.189,80.492,194027,relax
0.612,0.28,0,-8.648,1,0.0434,0.932,0,0.088,0.387,72.795,213827,romance
0.652,0.557,1,-5.714,0,0.0318,0.74,0,0.124,0.483,150.073,169354,romance
0.448,0.665,9,-4.203,1,0.026,0.06,2.55E-05,0.0828,0.304,172.004,237147,romance
0.614,0.379,4,-10.48,1,0.0476,0.607,0.000464,0.0986,0.201,107.989,258987,romance
0.422,0.264,8,-7.064,1,0.0322,0.922,0,0.132,0.331,119.93,269560,romance
0.681,0.372,5,-8.237,1,0.0432,0.64,0,0.169,0.476,91.873,201000,romance
0.209,0.417,3,-8.74,1,0.0338,0.164,0.00196,0.113,0.124,138.178,295533,romance
0.567,0.267,4,-6.502,1,0.0299,0.839,1.46E-06,0.089,0.0592,110.011,240133,romance
0.778,0.547,2,-7.273,1,0.0489,0.346,0.000302,0.132,0.441,95.002,242733,romance
0.781,0.445,2,-6.061,1,0.0295,0.474,0,0.184,0.591,78.998,281560,romance
0.737,0.802,0,-4.771,1,0.0878,0.468,0,0.0931,0.682,144.015,172325,romance
0.418,0.42,0,-6.444,1,0.0414,0.588,6.39E-05,0.11,0.184,84.094,172724,romance
0.421,0.407,10,-7.445,1,0.0267,0.309,0.000961,0.11,0.161,139.028,285120,romance
0.488,0.343,4,-8.985,1,0.0436,0.556,0,0.21,0.0978,102.819,206459,romance
0.703,0.444,11,-9.331,1,0.0417,0.559,0,0.0973,0.712,150.96,242947,romance
0.635,0.841,5,-5.379,1,0.0422,0.0134,0,0.0622,0.424,109.021,220734,romance
0.188,0.411,0,-9.733,1,0.0484,0.174,0.153,0.0843,0.159,187.376,305747,romance
0.526,0.749,3,-6.964,1,0.0283,0.023,1.76E-06,0.0692,0.421,99.982,208680,romance
0.54,0.429,2,-11.822,1,0.0285,0.000202,0.355,0.141,0.113,110.171,295516,romance
0.422,0.44,11,-5.53,1,0.0544,0.617,0,0.0837,0.332,128.934,120308,romance
0.759,0.54,9,-6.039,0,0.0287,0.037,0,0.0945,0.75,116.947,190960,romance
0.732,0.463,11,-6.972,0,0.0287,0.374,0,0.194,0.397,95.971,212607,romance
0.574,0.512,5,-6.664,0,0.0503,0.234,0,0.0946,0.512,76.899,484147,romance
0.522,0.385,0,-7.355,1,0.0288,0.536,0,0.135,0.236,89.792,207520,romance
0.585,0.494,3,-8.751,1,0.0353,0.363,0,0.0886,0.634,133.822,212200,romance
0.376,0.595,3,-5.936,1,0.0496,0.303,0,0.095,0.265,144.361,290900,romance
0.83,0.585,0,-6.476,1,0.094,0.237,0,0.248,0.485,109.978,173711,romance
0.553,0.586,11,-6.319,1,0.0362,0.697,0,0.0813,0.443,126.684,196373,romance
0.516,0.467,0,-6.184,1,0.0302,0.662,0,0.0853,0.386,132.861,173307,romance
0.67,0.743,10,-4.993,1,0.0393,0.237,0,0.465,0.571,125.944,218293,romance
0.498,0.235,1,-16.541,0,0.188,0.72,0,0.144,0.0895,118.917,179080,romance
0.798,0.675,6,-5.041,1,0.0442,0.0912,0,0.0894,0.842,101.956,219947,romance
0.445,0.541,7,-7.36,1,0.0736,0.359,0,0.109,0.217,76.289,252733,romance
0.317,0.172,10,-10.636,1,0.0326,0.907,0.000383,0.105,0.0963,65.18,212040,romance
0.558,0.719,2,-5.113,1,0.0267,0.0367,0,0.115,0.371,112.027,208600,romance
0.654,0.63,10,-4.644,1,0.0259,0.153,0,0.111,0.43,89.991,167693,romance
0.529,0.614,9,-5.032,1,0.0479,0.215,0,0.277,0.141,92.972,249810,romance
0.826,0.694,7,-7.862,1,0.0315,0.316,0.0285,0.074,0.852,123.932,217427,romance
0.494,0.632,5,-6.89,1,0.0342,0.682,0,0.0869,0.0797,147.873,274693,romance
0.526,0.818,3,-5.952,1,0.0358,0.0587,0,0.333,0.896,171.96,185098,romance
0.555,0.27,2,-15.892,1,0.0888,0.931,0.544,0.103,0.271,139.681,162797,romance
0.857,0.621,9,-6.376,0,0.0825,0.148,0,0.0865,0.668,97.989,204467,romance
0.578,0.43,5,-6.134,0,0.0305,0.33,0,0.0854,0.288,78.991,295502,romance
0.548,0.735,11,-7.572,1,0.236,0.173,0,0.195,0.498,101.252,162587,romance
0.605,0.629,10,-5.051,1,0.0279,0.437,0,0.097,0.308,99.894,241373,romance
0.584,0.533,10,-7.11,0,0.0305,0.684,0,0.306,0.224,131.745,288427,romance
0.604,0.741,2,-5.571,1,0.0475,0.178,3.49E-05,0.409,0.473,153.947,153190,romance
0.345,0.625,4,-4.025,1,0.0444,0.0758,0,0.112,0.336,169.494,231120,romance
0.383,0.662,2,-5.162,1,0.0333,0.165,0,0.248,0.138,121.154,298760,romance
0.422,0.34,0,-6.577,1,0.0351,0.877,1.77E-05,0.149,0.223,77.213,204094,romance
0.487,0.534,0,-5.664,0,0.0555,0.36,0,0.1,0.173,131.798,201882,romance
0.615,0.467,1,-9.883,1,0.0327,0.314,0,0.099,0.177,119.919,273667,romance
0.741,0.52,8,-7.513,1,0.0656,0.45,1.97E-06,0.222,0.347,102.998,171030,romance
0.407,0.147,2,-8.822,1,0.0355,0.857,2.89E-06,0.0913,0.0765,141.284,229400,romance
0.581,0.687,6,-5.4,1,0.105,0.229,0,0.109,0.187,76.014,240600,romance
0.459,0.575,3,-4.858,1,0.0573,0.604,0,0.0885,0.183,111.881,215107,romance
0.688,0.477,9,-6.684,1,0.036,0.594,0,0.115,0.257,127.866,196227,romance
0.587,0.583,5,-5.284,0,0.0313,0.248,0,0.124,0.15,139.92,219493,romance
0.614,0.527,10,-6.374,1,0.0302,0.597,0,0.11,0.354,121.941,211764,romance
0.612,0.57,11,-6.642,0,0.0347,0.278,0,0.0963,0.334,77.004,197293,romance
0.708,0.211,9,-9.603,0,0.0424,0.853,0,0.131,0.362,72.5,152280,romance
0.681,0.453,7,-6.09,1,0.0278,0.263,0,0.0543,0.348,125.772,216560,romance
0.672,0.855,9,-3.764,1,0.0397,0.021,0,0.323,0.646,123.056,182200,romance
0.64,0.648,5,-8.113,0,0.187,0.124,0,0.0802,0.548,92.977,197867,romance
0.617,0.483,11,-7.359,1,0.0458,0.702,0.000216,0.121,0.176,144.99,152318,romance
0.571,0.693,6,-8.234,0,0.0545,0.00536,0,0.173,0.393,168.169,232253,romance
0.492,0.332,0,-9.282,1,0.0334,0.208,0.00106,0.118,0.134,125.722,154440,romance
0.737,0.408,5,-7.941,1,0.104,0.802,0,0.171,0.374,127.918,190348,romance
0.686,0.538,2,-8.026,1,0.0345,0.181,3.13E-06,0.113,0.584,115.884,190779,romance
0.59,0.833,5,-6.503,0,0.0615,0.0142,5.40E-06,0.105,0.538,94.963,240439,romance
0.532,0.407,6,-9.658,0,0.0233,0.235,0,0.117,0.23,83.207,259853,romance
0.477,0.682,1,-4.931,0,0.0925,0.153,0,0.0763,0.345,110.567,202205,romance
0.853,0.476,8,-6.696,1,0.0361,0.405,0,0.111,0.796,92.038,235747,romance
0.673,0.704,6,-8.056,1,0.36,0.196,0,0.0898,0.372,86.919,212093,romance
0.638,0.51,1,-6.485,1,0.305,0.344,0,0.212,0.448,114.576,167107,romance
0.451,0.34,7,-7.466,1,0.031,0.763,2.49E-06,0.135,0.221,110.502,281067,romance
0.4,0.564,10,-7.444,1,0.0523,0.693,0,0.0863,0.483,99.269,211240,romance
0.382,0.416,0,-9.303,1,0.0302,0.0733,0,0.0719,0.125,102.089,221693,romance
0.561,0.522,2,-5.857,1,0.0318,0.227,0,0.104,0.238,83.962,271813,romance
0.403,0.356,10,-7.547,1,0.0298,0.382,0,0.148,0.151,171.454,190760,romance
0.443,0.533,0,-6.548,1,0.0396,0.371,0,0.128,0.201,77.344,223044,romance
0.386,0.136,6,-9.267,1,0.0458,0.932,0,0.0653,0.0976,67.016,225853,romance
0.529,0.607,6,-6.781,1,0.0574,0.104,0,0.0631,0.238,101.966,234107,romance
0.243,0.609,10,-8.451,1,0.0323,0.663,1.13E-05,0.221,0.333,166.668,258027,romance
0.599,0.614,0,-6.11,1,0.0357,0.319,4.70E-05,0.129,0.664,168.07,276289,romance
0.535,0.359,2,-9.343,1,0.0607,0.771,0,0.111,0.488,154.163,184505,romance
0.461,0.267,0,-8.514,1,0.0278,0.834,2.03E-05,0.107,0.481,87.918,205453,romance
0.714,0.686,11,-6.333,1,0.0445,0.203,7.76E-06,0.102,0.828,127.015,231653,romance
0.631,0.715,1,-6.083,0,0.0277,0.0299,0,0.122,0.42,135.826,176827,romance
0.388,0.66,11,-7.372,1,0.0308,0.312,0.000307,0.0943,0.401,143.554,230507,romance
0.55,0.587,2,-6.279,1,0.0329,0.354,0,0.128,0.466,165.975,284760,romance
0.611,0.52,0,-5.445,1,0.0346,0.0132,0,0.105,0.771,159.927,149878,romance
0.73,0.729,4,-3.434,0,0.0886,0.167,1.39E-06,0.349,0.467,113.012,221820,romance
0.665,0.699,11,-5.265,1,0.0578,0.423,0,0.0969,0.585,124.896,190932,romance
0.755,0.625,2,-7.114,1,0.0897,0.49,0,0.157,0.374,147.022,174861,romance
0.584,0.407,1,-7.356,0,0.046,0.476,0,0.18,0.341,115.124,246735,romance
0.675,0.479,0,-9.87,0,0.0278,0.633,1.76E-05,0.088,0.454,81.998,209493,romance
0.485,0.567,1,-6.456,1,0.0388,0.316,0,0.0949,0.157,93.676,211254,romance
0.582,0.253,10,-11.43,1,0.0259,0.827,2.95E-05,0.091,0.294,90.186,277000,romance
0.47,0.709,7,-4.563,1,0.0299,0.00124,0.00121,0.302,0.247,98.036,241360,romance
0.532,0.623,5,-9.208,1,0.0331,0.538,7.28E-05,0.0925,0.403,89.937,261923,sad
0.445,0.537,4,-8.532,0,0.04,0.695,1.65E-05,0.0944,0.131,122.769,244360,sad
0.573,0.422,10,-7.621,0,0.0678,0.551,1.31E-05,0.102,0.693,124.357,184791,sad
0.351,0.296,4,-10.109,0,0.0333,0.934,0,0.095,0.12,115.284,200186,sad
0.612,0.28,0,-8.648,1,0.0434,0.932,0,0.088,0.387,72.795,213827,sad
0.338,0.562,9,-7.181,1,0.029,0.039,0,0.107,0.259,149.907,248373,sad
0.691,0.631,2,-6.478,1,0.0368,0.0483,1.13E-05,0.104,0.8,92.004,161124,sad
0.362,0.54,10,-6.031,1,0.0528,0.338,0,0.139,0.3,78.007,216410,sad
0.357,0.425,5,-7.301,1,0.0333,0.584,0,0.322,0.27,102.078,198040,sad
0.544,0.369,2,-9.514,1,0.038,0.969,0.279,0.639,0.102,87.01,208212,sad
0.614,0.379,4,-10.48,1,0.0476,0.607,0.000464,0.0986,0.201,107.989,258987,sad
0.631,0.518,0,-8.771,1,0.0303,0.274,0,0.088,0.205,93.023,613027,sad
0.681,0.372,5,-8.237,1,0.0432,0.64,0,0.169,0.476,91.873,201000,sad
0.704,0.225,6,-14.454,0,0.0994,0.902,0.657,0.106,0.243,120.006,245426,sad
0.516,0.595,5,-4.63,1,0.0313,0.0275,0,0.109,0.222,119.972,340707,sad
0.209,0.417,3,-8.74,1,0.0338,0.164,0.00196,0.113,0.124,138.178,295533,sad
0.667,0.373,4,-9.389,1,0.05,0.785,0,0.0906,0.0823,124.148,169266,sad
0.793,0.52,11,-7.457,0,0.0696,0.246,0,0.0878,0.309,107.014,194926,sad
0.726,0.431,8,-8.765,0,0.135,0.731,0,0.696,0.348,144.026,173333,sad
0.331,0.341,9,-6.057,0,0.0309,0.528,0,0.109,0.152,109.821,285935,sad
0.311,0.485,6,-5.726,0,0.0365,0.701,0,0.0726,0.225,77.355,208827,sad
0.609,0.444,7,-9.129,1,0.106,0.603,6.86E-06,0.104,0.166,118.402,228707,sad
0.677,0.485,5,-5.795,1,0.0361,0.529,2.04E-05,0.0766,0.493,82.001,239317,sad
0.367,0.111,4,-14.084,1,0.0972,0.978,3.97E-05,0.0897,0.198,82.642,196077,sad
0.681,0.174,1,-8.745,1,0.0315,0.837,3.35E-05,0.0983,0.231,112.672,260285,sad
0.662,0.714,5,-5.68,0,0.121,0.312,0,0.179,0.464,147.997,212120,sad
0.575,0.386,9,-9.584,0,0.037,0.785,0.000289,0.229,0.466,116.408,249191,sad
0.298,0.38,6,-8.426,1,0.0287,0.778,5.62E-05,0.11,0.152,75.602,285634,sad
0.188,0.411,0,-9.733,1,0.0484,0.174,0.153,0.0843,0.159,187.376,305747,sad
0.556,0.538,8,-5.408,0,0.0382,0.0689,0,0.196,0.291,143.95,223347,sad
0.696,0.543,11,-6.164,1,0.0489,0.308,0,0.0939,0.479,107.969,246880,sad
0.629,0.328,11,-8.284,1,0.029,0.768,2.50E-05,0.103,0.389,74.953,197732,sad
0.435,0.104,6,-22.39,0,0.0445,0.973,0.33,0.119,0.162,120.484,279316,sad
0.628,0.639,8,-5.46,1,0.0435,0.00162,0,0.354,0.493,108.045,185773,sad
0.329,0.235,10,-7.699,1,0.0303,0.918,0,0.137,0.22,171.006,204326,sad
0.522,0.385,0,-7.355,1,0.0288,0.536,0,0.135,0.236,89.792,207520,sad
0.559,0.31,10,-10.445,1,0.0338,0.881,0,0.106,0.46,119.845,190898,sad
0.376,0.595,3,-5.936,1,0.0496,0.303,0,0.095,0.265,144.361,290900,sad
0.688,0.53,11,-5.507,1,0.0333,0.443,0,0.0995,0.162,106.958,205687,sad
0.599,0.465,4,-4.95,1,0.0314,0.643,1.57E-06,0.149,0.0678,113.82,230880,sad
0.376,0.695,0,-4.782,0,0.0933,0.135,0,0.11,0.302,169.533,209440,sad
0.492,0.275,6,-13.4,0,0.3,0.687,0,0.101,0.18,92.6,251034,sad
0.63,0.53,0,-7.259,1,0.0434,0.4,0,0.177,0.417,108.038,225053,sad
0.406,0.399,7,-10.449,1,0.0278,0.756,0.678,0.112,0.163,142.83,256800,sad
0.576,0.835,2,-6.826,1,0.0486,0.337,0,0.082,0.476,150.017,257720,sad
0.38,0.219,4,-13.273,0,0.0358,0.917,0.0104,0.0827,0.0517,73.537,242265,sad
0.445,0.541,7,-7.36,1,0.0736,0.359,0,0.109,0.217,76.289,252733,sad
0.503,0.358,7,-8.158,1,0.0537,0.401,0,0.158,0.179,105.121,161367,sad
0.574,0.329,1,-6.829,1,0.0274,0.22,0,0.0986,0.356,130.993,237933,sad
0.492,0.26,9,-17.341,0,0.0921,0.646,0.00178,0.0705,0.312,111.519,347227,sad
0.678,0.355,10,-7.757,0,0.0627,0.759,7.06E-05,0.114,0.438,119.772,260776,sad
0.507,0.204,0,-11.575,1,0.0504,0.855,0,0.143,0.343,77.765,179120,sad
0.609,0.619,11,-5.677,1,0.311,0.749,0,0.264,0.689,179.71,168067,sad
0.584,0.576,9,-4.557,1,0.0519,0.507,0,0.212,0.432,170.026,165620,sad
0.319,0.0561,0,-23.023,1,0.045,0.935,0.00384,0.388,0.082,79.764,242652,sad
0.701,0.728,2,-5.226,1,0.0468,0.0178,0,0.17,0.696,91.071,168880,sad
0.437,0.565,10,-5.596,1,0.0466,0.697,0,0.119,0.306,115.389,376169,sad
0.439,0.153,1,-8.95,1,0.0479,0.874,0,0.107,0.104,116.76,287693,sad
0.605,0.629,10,-5.051,1,0.0279,0.437,0,0.097,0.308,99.894,241373,sad
0.646,0.355,1,-7.119,1,0.0263,0.873,0,0.115,0.364,84.988,210863,sad
0.41,0.0485,0,-13.918,1,0.038,0.947,0,0.108,0.247,137.97,173175,sad
0.306,0.121,1,-17.118,0,0.0396,0.863,0,0.167,0.238,159.08,138375,sad
0.581,0.717,4,-4.433,1,0.0318,0.0298,0.000186,0.243,0.316,107.884,236440,sad
0.336,0.602,4,-6.354,1,0.0325,0.0635,0,0.141,0.299,161.01,234520,sad
0.589,0.242,6,-10.517,1,0.0442,0.914,0,0.0887,0.257,89.749,221107,sad
0.709,0.22,7,-11.856,1,0.0327,0.811,0,0.175,0.53,110.076,219040,sad
0.63,0.696,10,-4.501,1,0.0242,0.144,0,0.0835,0.491,94.034,261427,sad
0.593,0.2,8,-11.063,1,0.0311,0.904,0,0.0897,0.17,83.966,255067,sad
0.5,0.292,0,-8.554,1,0.0323,0.746,0,0.188,0.37,145.879,185200,sad
0.591,0.28,4,-5.494,1,0.0283,0.889,0,0.124,0.348,141.916,271800,sad
0.667,0.361,1,-8.69,0,0.0273,0.575,0.00506,0.0805,0.29,134.018,242000,sad
0.264,0.122,9,-15.399,1,0.0349,0.885,0.349,0.094,0.0735,148.658,371320,sad
0.561,0.0848,2,-15.099,1,0.0404,0.913,2.62E-05,0.112,0.206,102.128,219147,sad
0.587,0.229,10,-11.254,0,0.128,0.92,0,0.1,0.379,75.67,171728,sad
0.565,0.546,11,-7.496,0,0.0314,0.189,0.0015,0.17,0.195,139.757,273427,sad
0.559,0.422,11,-11.89,1,0.195,0.701,1.99E-06,0.0853,0.191,74.002,286928,sad
0.389,0.665,0,-6.169,1,0.0644,0.178,0.000732,0.116,0.199,117.055,193547,sad
0.618,0.793,0,-5.711,1,0.0601,0.204,0.0154,0.126,0.459,101.015,347526,sad
0.315,0.296,5,-13.262,1,0.0315,0.771,0,0.702,0.435,173.509,263573,sad
0.63,0.5,1,-8.755,0,0.0611,0.611,4.04E-05,0.114,0.315,144.871,245172,sad
0.684,0.449,3,-9.738,1,0.611,0.869,0,0.0881,0.341,66.165,157373,sad
0.398,0.316,1,-7.031,1,0.0368,0.805,0,0.295,0.174,118.582,253342,sad
0.6,0.389,9,-5.727,1,0.0337,0.566,0,0.0826,0.244,143.577,147597,sad
0.657,0.604,8,-6.006,1,0.0296,0.0361,0,0.102,0.0779,118.042,184400,sad
0.632,0.337,11,-8,0,0.033,0.558,0,0.104,0.0982,141.701,180413,sad
0.681,0.453,7,-6.09,1,0.0278,0.263,0,0.0543,0.348,125.772,216560,sad
0.349,0.348,3,-6.142,1,0.0316,0.726,0,0.12,0.0886,74.541,246587,sad
0.536,0.311,1,-10.396,1,0.0288,0.82,1.65E-05,0.107,0.246,147.486,260533,sad
0.379,0.29,4,-8.485,1,0.051,0.952,0.00106,0.118,0.169,166.467,201080,sad
0.773,0.437,9,-8.281,1,0.0963,0.836,2.42E-05,0.544,0.707,103.861,169973,sad
0.562,0.437,0,-10.229,1,0.052,0.219,2.18E-05,0.0806,0.15,124.852,277506,sad
0.501,0.405,1,-5.679,1,0.0319,0.751,0,0.105,0.446,109.891,182161,sad
0.796,0.477,1,-7.161,1,0.108,0.314,0,0.12,0.685,119.928,231933,sad
0.592,0.263,4,-14.029,0,0.0568,0.845,5.68E-06,0.127,0.109,76.366,238520,sad
0.753,0.326,7,-9.883,1,0.0342,0.731,0.00131,0.24,0.237,123.799,245827,sad
0.586,0.624,5,-5.946,1,0.113,0.0153,1.78E-06,0.133,0.267,68.976,185863,sad
0.445,0.179,1,-12.938,1,0.0396,0.952,0.00056,0.107,0.119,72.246,193080,sad
0.513,0.25,5,-9.376,0,0.0367,0.913,0,0.117,0.351,74.103,220541,sad
0.588,0.391,0,-8.607,0,0.0334,0.839,0,0.227,0.349,144.069,226973,sad
0.715,0.715,5,-7.364,1,0.0902,0.0526,0,0.0936,0.507,134.922,238747,sad
0.388,0.223,6,-15.605,1,0.0356,0.854,0.903,0.111,0.0579,119.998,243000,tranquil
0.283,0.121,1,-18.147,1,0.0301,0.94,0.952,0.111,0.0759,73.565,253140,tranquil
0.299,0.0604,3,-27.262,1,0.0354,0.989,0.922,0.16,0.122,71.378,235289,tranquil
0.292,0.0804,7,-25.788,0,0.0468,0.994,0.929,0.124,0.207,139.447,195429,tranquil
0.172,0.0393,0,-25.871,0,0.0496,0.941,0.881,0.114,0.0312,116.227,199625,tranquil
0.495,0.0696,7,-31.384,0,0.0296,0.96,0.898,0.119,0.276,95.193,179800,tranquil
0.278,0.0261,5,-31.697,1,0.0404,0.992,0.907,0.0995,0.111,102.106,186890,tranquil
0.17,0.168,4,-16.175,0,0.0418,0.977,0.808,0.247,0.0379,140.759,153104,tranquil
0.19,0.244,7,-15.161,1,0.0294,0.918,0.928,0.374,0.1,97.885,111430,tranquil
0.262,0.0579,8,-25.402,1,0.0348,0.961,0.9,0.105,0.215,140.772,179302,tranquil
0.481,0.144,7,-17.059,1,0.0285,0.977,0.85,0.118,0.108,72.047,198188,tranquil
0.213,0.0377,10,-33.06,1,0.0475,0.986,0.869,0.139,0.0973,165.763,195155,tranquil
0.305,0.0384,5,-28.605,0,0.0301,0.961,0.902,0.0886,0.0856,81.917,221061,tranquil
0.169,0.0161,9,-31.034,0,0.0442,0.986,0.86,0.0805,0.0573,128.143,174267,tranquil
0.0921,0.0183,7,-31.858,1,0.0513,0.942,0.94,0.195,0.039,166.979,172120,tranquil
0.324,0.0186,2,-28.248,1,0.0476,0.99,0.934,0.105,0.126,85.297,207640,tranquil
0.335,0.00501,1,-33.366,1,0.0451,0.993,0.919,0.0618,0.0383,132.085,294960,tranquil
0.283,0.0547,9,-23.218,0,0.0353,0.916,0.978,0.0997,0.0721,104.246,253202,tranquil
0.299,0.00626,9,-30.923,1,0.0478,0.994,0.901,0.0823,0.0634,69.043,378733,tranquil
0.406,0.00921,2,-31.822,1,0.087,0.984,0.906,0.0953,0.303,80.507,215800,tranquil
0.141,0.00268,2,-37.571,0,0.0427,0.945,0.601,0.0756,0.0386,140.372,170213,tranquil
0.415,0.026,1,-36.7,1,0.0496,0.995,0.938,0.107,0.268,136.191,285443,tranquil
0.0979,0.0801,8,-19.643,1,0.0458,0.941,0.431,0.115,0.0608,75.314,192420,tranquil
0.186,0.0639,5,-23.374,0,0.0456,0.989,0.917,0.0953,0.0463,102.639,176756,tranquil
0.3,0.0405,8,-31.023,1,0.0449,0.992,0.948,0.138,0.233,63.821,216061,tranquil
0.189,0.0862,7,-20.734,1,0.0335,0.927,0.861,0.116,0.101,78.637,223539,tranquil
0.146,0.019,0,-31.365,1,0.0476,0.92,0.878,0.0864,0.0492,81.526,93840,tranquil
0.124,0.0103,10,-31.768,1,0.04,0.983,0.85,0.0988,0.08,84.374,204520,tranquil
0.219,0.00913,1,-42.727,1,0.0352,0.993,0.882,0.0807,0.0702,75.77,187293,tranquil
0.296,0.00896,7,-31.948,0,0.0394,0.994,0.91,0.0815,0.0673,69.44,257000,tranquil
0.262,0.075,2,-18.734,1,0.0392,0.988,0.901,0.115,0.204,180.12,320993,tranquil
0.215,0.0282,0,-28.351,0,0.0353,0.991,0.877,0.107,0.167,74.408,206163,tranquil
0.37,0.0076,4,-33.663,1,0.0384,0.995,0.91,0.0864,0.278,62.668,176518,tranquil
0.176,0.0534,10,-27.626,1,0.0406,0.97,0.915,0.29,0.0332,71.673,132120,tranquil
0.46,0.00618,6,-28.121,1,0.0481,0.994,0.89,0.0896,0.086,67.12,293520,tranquil
0.161,0.145,2,-18.184,0,0.038,0.903,0.871,0.112,0.134,89.583,145310,tranquil
0.395,0.0826,5,-18.982,0,0.0432,0.995,0.93,0.126,0.119,93.288,165021,tranquil
0.23,0.00486,8,-36.35,1,0.0356,0.993,0.891,0.157,0.0742,68.494,216284,tranquil
0.454,0.0139,4,-29.966,0,0.0514,0.995,0.943,0.0736,0.244,130.253,184853,tranquil
0.13,0.00924,6,-27.853,1,0.0448,0.988,0.909,0.0849,0.0369,77.307,386507,tranquil
0.429,0.0234,6,-29.753,1,0.0489,0.995,0.957,0.0962,0.0751,116.163,165693,tranquil
0.594,0.0736,6,-23.885,0,0.0383,0.96,0.861,0.108,0.167,110.018,139412,tranquil
0.302,0.00448,6,-31.704,1,0.0463,0.995,0.84,0.045,0.0452,71.056,204987,tranquil
0.198,0.0899,4,-25.087,1,0.0448,0.949,0.924,0.15,0.0711,111.868,160240,tranquil
0.238,0.00484,8,-31.76,1,0.0393,0.995,0.95,0.121,0.0394,70.821,129920,tranquil
0.171,0.00926,7,-31.675,0,0.044,0.993,0.946,0.128,0.0399,116.418,129360,tranquil
0.314,0.00545,0,-33.332,1,0.0597,0.994,0.945,0.0894,0.444,138.554,188907,tranquil
0.321,0.00611,4,-38.341,0,0.0362,0.995,0.908,0.09,0.0693,104.311,205493,tranquil
0.148,0.18,0,-19.32,1,0.0416,0.947,0.948,0.111,0.0338,75.942,236000,tranquil
0.393,0.0071,3,-31.748,1,0.0571,0.995,0.887,0.104,0.252,71.203,292360,tranquil
0.398,0.00209,0,-39.959,1,0.0444,0.996,0.955,0.0813,0.0971,71.461,142333,tranquil
0.16,0.0261,9,-33.263,0,0.0517,0.917,0.232,0.113,0.0305,88.549,229413,tranquil
0.491,0.0176,4,-26.911,0,0.0644,0.994,0.927,0.0985,0.0901,125.793,346587,tranquil
0.0694,0.00525,3,-35.45,1,0.0482,0.972,0.00751,0.0739,0.036,73.566,179360,tranquil
0.338,0.171,8,-17.536,0,0.0364,0.974,0.941,0.168,0.0937,124.805,212733,tranquil
0.346,0.00398,10,-44.526,1,0.0537,0.992,0.878,0.0643,0.318,78.891,103600,tranquil
0.253,0.00429,7,-36.172,0,0.0523,0.99,0.912,0.103,0.0368,74.497,256147,tranquil
0.168,0.00571,8,-36.245,1,0.0404,0.995,0.92,0.068,0.0705,78.043,181693,tranquil
0.389,0.0187,9,-30.859,0,0.0444,0.995,0.903,0.0864,0.294,135.595,134053,tranquil
0.206,0.0127,2,-33.265,1,0.0406,0.957,0.856,0.089,0.165,56.658,308427,tranquil
0.206,0.19,8,-15.396,1,0.0384,0.974,0.808,0.131,0.0368,79.811,243000,tranquil
0.45,0.0031,5,-24.947,1,0.0586,0.994,0.934,0.0787,0.0582,70.53,599453,tranquil
0.222,0.0456,10,-20.891,0,0.0385,0.993,0.964,0.231,0.0881,128.662,251573,tranquil
0.102,0.0842,10,-25.542,1,0.045,0.972,0.796,0.349,0.139,171.882,194160,tranquil
0.17,0.0223,7,-24.482,1,0.0471,0.865,0.758,0.3,0.1,115.193,126264,tranquil
0.172,0.014,1,-27.988,1,0.0424,0.981,0.902,0.0735,0.0348,144.414,398240,tranquil
0.0761,0.136,7,-23.502,1,0.0444,0.574,0.68,0.109,0.0381,81.738,198324,tranquil
0.163,0.0994,5,-24.845,1,0.0443,0.785,0.903,0.101,0.0359,68.778,284853,tranquil
0.299,0.0264,9,-26.535,0,0.0469,0.995,0.882,0.073,0.235,168.963,120457,tranquil
0.354,0.116,4,-28.692,0,0.0399,0.987,0.883,0.124,0.181,82.627,116960,tranquil
0.172,0.0188,7,-26.358,0,0.0432,0.862,0.8,0.0834,0.0712,117.479,419573,tranquil
0.152,0.0195,4,-24.946,1,0.0395,0.99,0.944,0.0676,0.0906,143.978,262413,tranquil
0.126,0.0159,4,-34.595,1,0.0401,0.976,0.949,0.0863,0.0373,74.02,563000,tranquil
0.335,0.0287,10,-27.4,1,0.041,0.991,0.888,0.0874,0.0371,67.446,328000,tranquil
0.349,0.191,0,-16.111,0,0.0463,0.992,0.936,0.132,0.0414,140.422,191000,tranquil
0.366,0.145,6,-24.892,0,0.0378,0.926,0.483,0.331,0.0749,94.159,229000,tranquil
0.212,0.0517,2,-24.467,1,0.0525,0.928,0.639,0.112,0.152,185.678,397640,tranquil
0.169,0.00433,6,-37.71,1,0.033,0.988,0.308,0.0637,0.0359,82.592,236147,tranquil
0.193,0.116,9,-25.718,1,0.0608,0.986,0.918,0.505,0.0836,143.301,242467,tranquil
0.354,0.0322,2,-27.492,0,0.0435,0.992,0.955,0.104,0.0638,67.872,253413,tranquil
0.0618,0.00804,5,-36.977,1,0.0472,0.753,0.69,0.12,0.0393,55.481,314400,tranquil
0.145,0.0159,6,-27.8,0,0.0447,0.967,0.0188,0.125,0.0462,78.402,142272,tranquil
0.448,0.0052,4,-36.512,1,0.0564,0.995,0.88,0.0698,0.0398,62.171,369027,tranquil
0.23,0.0592,7,-23.594,1,0.0445,0.989,0.941,0.0906,0.103,89.965,337372,tranquil
0.137,0.0311,5,-28.208,1,0.0381,0.982,0.972,0.0908,0.063,179.223,433667,tranquil
0.374,0.0368,9,-28.556,0,0.0421,0.988,0.908,0.177,0.122,63.895,119053,tranquil
0.604,0.787,0,-3.674,0,0.103,0.0679,0.15,0.127,0.301,126.062,245040,upbeat
0.646,0.741,5,-4.973,0,0.034,0.0275,0,0.312,0.571,123.077,203000,upbeat
0.743,0.766,0,-6.375,1,0.0265,0.0873,0,0.509,0.61,127.96,289133,upbeat
0.579,0.736,6,-3.863,0,0.0527,0.31,0,0.198,0.613,127.999,230613,upbeat
0.71,0.882,4,-2.932,0,0.0595,0.00777,0.00771,0.294,0.875,128.016,232800,upbeat
0.706,0.89,1,-4.444,0,0.0688,0.0588,0.00286,0.306,0.684,128.011,248133,upbeat
0.742,0.838,3,-2.758,0,0.0476,0.339,0,0.0595,0.694,128.022,215676,upbeat
0.723,0.87,8,-3.013,0,0.0435,0.035,0,0.656,0.678,129.952,208845,upbeat
0.584,0.889,1,-5.941,0,0.0343,0.0462,0.828,0.309,0.464,126.04,199907,upbeat
0.674,0.915,6,-3.999,0,0.0411,0.0282,0.00337,0.273,0.78,126.038,191293,upbeat
0.565,0.849,0,-3.516,0,0.0517,0.00868,4.68E-06,0.12,0.427,102.034,212647,upbeat
0.789,0.711,2,-4.248,1,0.041,0.0332,0,0.0876,0.753,112.985,190306,upbeat
0.782,0.685,4,-6.237,1,0.0309,0.166,1.18E-05,0.16,0.603,118.016,180566,upbeat
0.544,0.915,8,-3.405,1,0.0841,0.129,0.000914,0.115,0.51,126.094,184280,upbeat
0.684,0.816,10,-5.211,0,0.0322,0.0181,0,0.0222,0.702,121.993,196215,upbeat
0.798,0.62,8,-7.079,0,0.232,0.414,0.0192,0.112,0.235,120.031,164000,upbeat
0.509,0.79,6,-3.782,0,0.0374,0.332,6.67E-05,0.316,0.638,127.946,208316,upbeat
0.734,0.874,8,-3.158,1,0.0662,0.168,1.14E-05,0.0489,0.905,122.953,166028,upbeat
0.699,0.883,5,-3.226,0,0.219,0.0288,0,0.817,0.499,127.961,211975,upbeat
0.671,0.939,8,-3.206,1,0.161,0.191,0,0.298,0.53,129.024,252307,upbeat
0.798,0.828,2,-5.36,1,0.193,0.0247,2.55E-06,0.121,0.6,124.962,156960,upbeat
0.775,0.68,0,-5.508,0,0.0629,0.00906,0,0.109,0.656,114.025,207719,upbeat
0.647,0.822,5,-4.662,0,0.183,0.219,0,0.0908,0.962,160.019,232720,upbeat
0.634,0.927,2,-4.468,1,0.0838,0.027,0,0.0986,0.88,146.094,258432,upbeat
0.67,0.838,0,-4.031,1,0.0362,0.0605,0.000611,0.159,0.716,105,222041,upbeat
0.799,0.586,11,-6.735,1,0.0377,0.162,2.03E-06,0.193,0.549,120.97,227833,upbeat
0.532,0.783,2,-5.697,1,0.0523,0.0038,0.0012,0.161,0.643,124.08,247427,upbeat
0.596,0.856,4,-3.556,0,0.0346,0.0211,0.0178,0.141,0.743,127.949,222533,upbeat
0.581,0.963,11,-4.087,1,0.0981,0.0295,0,0.139,0.788,129.992,204160,upbeat
0.702,0.825,6,-3.787,0,0.0601,0.00883,0,0.0674,0.915,102.977,203064,upbeat
0.747,0.877,9,-3.782,0,0.0664,0.0375,0.000833,0.233,0.752,107.991,166138,upbeat
0.824,0.862,2,-3.424,1,0.126,0.0076,0.000132,0.303,0.801,122.98,169153,upbeat
0.612,0.84,11,-3.145,0,0.0509,0.112,0,0.116,0.438,129.042,212862,upbeat
0.672,0.855,9,-3.764,1,0.0397,0.021,0,0.323,0.646,123.056,182200,upbeat
0.503,0.748,5,-4.124,1,0.0619,0.0305,0,0.343,0.356,125.896,210013,upbeat
0.545,0.78,7,-4.867,0,0.0436,0.0309,4.64E-05,0.0828,0.458,125.014,255093,upbeat
0,0,0,0,0,0,0,0,0,0,0,0,upbeat
0.669,0.784,7,-5.603,1,0.112,0.194,6.28E-06,0.115,0.517,125.993,150053,upbeat
0.686,0.702,7,-5.325,0,0.0455,0.00637,4.46E-05,0.204,0.29,129.948,214840,upbeat
0.632,0.595,8,-7.644,0,0.0401,0.0689,0,0.209,0.435,124.114,167903,upbeat
0.649,0.815,3,-3.796,0,0.0415,0.00125,4.31E-05,0.671,0.765,126.03,230747,upbeat
0.56,0.872,3,-4.269,1,0.14,0.0239,6.98E-06,0.371,0.682,126.05,205933,upbeat
0.735,0.766,1,-4.485,1,0.0383,0.025,0.00138,0.108,0.6,127.985,215227,upbeat
0.721,0.802,1,-5.797,1,0.0583,0.0921,0,0.694,0.724,124.022,229360,upbeat
0.68,0.825,8,-4.296,1,0.0702,0.00173,0.000122,0.27,0.784,117.987,193533,upbeat
0.717,0.73,9,-4.729,0,0.0568,0.383,0,0.398,0.792,102.002,251173,upbeat
0.527,0.835,6,-5.298,1,0.0433,0.0166,0,0.249,0.654,125.983,176658,upbeat
0.613,0.697,2,-8.618,1,0.133,0.0194,0,0.332,0.476,122.746,320357,upbeat
0.727,0.974,4,-2.261,0,0.0664,0.103,0.000532,0.174,0.965,79.526,235213,upbeat
0.666,0.83,0,-5.715,1,0.0751,0.0123,0,0.191,0.702,113.03,236002,upbeat
0.856,0.609,0,-7.223,1,0.0824,0.00801,8.15E-05,0.0344,0.928,114.988,269667,upbeat
0.781,0.67,3,-3.912,0,0.0452,0.0103,0,0.0761,0.595,127.99,169333,upbeat
0.818,0.913,4,-3.06,0,0.0426,0.093,3.69E-05,0.161,0.536,119.986,219160,upbeat
0.676,0.786,1,-4.529,1,0.0478,0.197,0,0.0943,0.483,125.983,218359,upbeat
0.653,0.809,0,-4.057,1,0.0474,0.194,0,0.165,0.55,92.213,210773,upbeat
0.672,0.855,9,-3.764,1,0.0397,0.021,0,0.323,0.646,123.056,182200,upbeat
0.617,0.635,11,-6.769,0,0.0317,0.0498,1.44E-05,0.164,0.446,103.019,247160,upbeat
0.687,0.792,5,-2.749,1,0.0452,0.191,0,0.167,0.671,100.015,214290,upbeat
0.662,0.858,2,-4.844,1,0.0428,0.00163,0,0.0456,0.295,133.993,181673,upbeat
0.501,0.519,4,-5.88,0,0.0409,0.109,0,0.454,0.168,133.99,195707,upbeat
0.677,0.744,10,-6.806,0,0.0295,0.0404,0.00016,0.074,0.631,124.08,152913,upbeat
0.715,0.605,0,-5.128,0,0.0428,0.239,1.41E-05,0.189,0.454,122.956,212733,upbeat
0.652,0.812,3,-3.797,0,0.0409,0.00125,3.01E-05,0.667,0.72,126.023,230733,upbeat
0.794,0.811,6,-8.966,0,0.038,0.0426,1.07E-06,0.101,0.862,116.047,248413,upbeat
0.793,0.793,11,-4.521,0,0.083,0.0123,0,0.0951,0.679,123.95,183290,upbeat
0.646,0.77,2,-6.596,0,0.226,0.00249,0,0.0715,0.681,99.165,236133,upbeat
0.853,0.56,1,-4.961,1,0.0406,0.013,0,0.0944,0.86,134.066,206693,upbeat
0.802,0.645,5,-6.181,0,0.0715,0.272,0,0.119,0.376,100.001,157202,upbeat
0.741,0.931,10,-3.447,0,0.0563,0.0225,0.000102,0.191,0.517,125.011,144000,upbeat
0.664,0.714,7,-6.645,0,0.111,0.0353,8.42E-06,0.0843,0.71,101.969,197933,upbeat
0.693,0.678,8,-7.159,1,0.0324,0.0151,5.71E-06,0.101,0.404,103.952,228267,upbeat
0.414,0.857,0,-4.078,0,0.0808,0.0287,0.00574,0.343,0.348,128.024,212960,upbeat
0.746,0.846,9,-2.432,1,0.048,0.0485,0,0.195,0.403,114.955,174933,upbeat
0.478,0.818,4,-5.076,1,0.0377,0.00292,0.00789,0.438,0.163,127.953,226867,upbeat
0.598,0.526,10,-8.659,0,0.0415,0.129,0,0.14,0.529,123.935,168387,upbeat
0.703,0.868,7,-4.661,0,0.0291,0.15,0.132,0.104,0.733,121.03,193613,upbeat
0.752,0.764,1,-4.399,1,0.038,0.0476,9.44E-05,0.0543,0.582,121.958,163216,upbeat
0.538,0.804,8,-5.194,1,0.0358,0.0041,0,0.33,0.507,144.992,197640,upbeat
0.575,0.758,1,-5.029,0,0.0618,0.0954,0,0.394,0.493,144.107,182623,upbeat
0.693,0.575,9,-6.998,1,0.0801,0.374,0,0.252,0.492,117.999,211362,upbeat
0.747,0.937,0,-5.746,1,0.0453,0.0208,0,0.29,0.739,103.976,224653,upbeat
0.822,0.739,1,-4.541,0,0.0311,0.0264,4.26E-05,0.181,0.745,118.992,241933,upbeat
0.747,0.716,11,-2.457,0,0.075,0.135,0,0.251,0.751,125.008,210627,upbeat
0.652,0.698,10,-4.667,0,0.042,0.00112,0.000115,0.0886,0.47,96.021,202067,upbeat
0.727,0.729,0,-2.99,1,0.326,0.171,0,0.07,0.512,117.932,284733,upbeat
0.631,0.927,9,-2.787,0,0.0332,0.199,0.119,0.148,0.465,123.962,222160,upbeat
0.628,0.698,6,-5.608,0,0.105,0.0472,0.00143,0.0907,0.732,89.976,211667,upbeat
0.664,0.708,8,-4.154,1,0.0474,0.0337,0,0.0841,0.742,103.07,174800,upbeat
0.724,0.804,11,-4.614,0,0.0448,0.124,0,0.204,0.306,124.987,197993,upbeat
0.575,0.571,1,-7.906,1,0.0439,0.0558,0,0.0912,0.449,105.049,197947,upbeat
0.818,0.803,1,-4.282,1,0.0797,0.034,0,0.153,0.632,106.97,225983,upbeat
0.778,0.824,10,-5.892,0,0.0707,0.284,0,0.405,0.758,100.024,218093,upbeat
0.351,0.928,1,-3.71,1,0.0759,0.00113,0,0.0988,0.239,148.03,222076,upbeat
0.636,0.836,8,-3.004,1,0.0427,0.00609,0.000157,0.0828,0.715,139.956,193253,upbeat
0.667,0.871,0,-4.905,0,0.0343,0.00569,0.00655,0.165,0.187,128.042,201560,upbeat
0.601,0.775,0,-4.612,1,0.0473,0.269,0,0.0883,0.483,119.964,190295,upbeat
0.59,0.642,7,-3.87,1,0.122,0.0771,0,0.105,0.651,107.356,174444,upbeat
0.719,0.704,1,-4.724,1,0.0476,0.0691,0,0.166,0.628,133.002,187436,upbeat
0.64,0.533,0,-6.596,1,0.0706,0.119,0,0.0864,0.515,99.968,220781,upbeat
0.622,0.808,5,-4.701,1,0.0418,0.00543,5.63E-05,0.215,0.599,122.121,204773,upbeat
